id,domain,status,purchase_price,renewal_price,attractiveness,demand,length,registrar,created_at,expires_at,status_verified_at
382a32a0-8d3c-4de1-900e-8bb4fe817f85,kissed.gifts,available,36.99,36.99,medium,low,6,namesilo,,,28/09/2026 04:54
21dfcbdc-20f3-45b1-b456-824e9b39ecbe,berra.gifts,available,36.99,36.99,medium,low,5,namesilo,,,23/09/2026 10:04
b96d3f2e-78ca-4baf-867d-e0a80fb15894,antigram.gifts,available,36.99,36.99,low,low,8,namesilo,,,19/09/2026 14:31
70f43a81-565c-419e-a28e-e49b1acb93cb,mingy.gifts,available,14.99,46.99,low,low,5,name.com,,,24/08/2026 23:43
f1edee21-401e-4191-a0bc-da7e44172ddd,microbial.gifts,available,14.99,46.99,medium,low,9,name.com,,,08/09/2026 09:41
d3b9b453-a568-40a3-a605-27bb442f01d0,radial.gifts,available,36.99,36.99,high,low,6,namesilo,,,09/09/2026 09:30
c985d47b-9411-4697-a7b9-13bcf3eeb9bf,safest.gifts,available,36.99,36.99,high,low,6,namesilo,,,20/09/2026 20:39
17da09d1-a4a8-45ad-99dd-5e407e6107e8,mobility.gifts,available,29.18,29.18,high,low,8,spaceship,,,29/09/2026 19:41
678fcc13-d599-4ff4-805c-160536f4c529,distress.gifts,available,28.2,28.2,high,low,8,cloudflare,,,29/09/2026 16:17
fbbb3faf-e053-4fa6-a6c7-261ef90f921f,bolingbroke.gifts,available,29.18,29.18,medium,low,11,spaceship,,,02/10/2026 20:26
e9e23489-da31-479b-b069-63a3837506f5,revision.gifts,available,38.48,47.48,high,low,8,namecheap,,,29/09/2026 20:11
3c26df8c-d7e4-4ff6-865c-1554d4ab1ee1,titanic.gifts,available,14.99,46.99,high,low,7,name.com,,,11/09/2026 16:30
a04c4fd7-7da0-4ac2-a12c-fa6e0b915b9e,bookstore.gifts,available,36.99,36.99,high,low,9,namesilo,,,24/09/2026 07:17
c402b63d-5cae-4946-a435-5179dde1bd52,placenta.gifts,available,28.2,28.2,high,low,8,cloudflare,,,02/10/2026 16:24
c9839ac8-4544-4f1c-a181-1492a4501113,tna.gifts,available,36.99,36.99,medium,low,3,namesilo,,,29/09/2026 03:35
bfd14ffe-0760-4350-8abc-fb97e93e6584,sat.gifts,premium,78.54,78.54,high,low,3,namesilo,,,30/09/2026 10:30
31ba3801-b119-47db-911c-6c440fe5d6e6,intolerant.gifts,available,14.99,46.99,medium,low,10,name.com,,,21/08/2026 20:02
e2d16ea7-2750-4fc5-9e76-dfdd82fbd8a4,laramie.gifts,available,38.48,47.48,medium,low,7,namecheap,,,28/09/2026 14:40
b72905e4-5890-4f46-93bc-26aa6c8640cc,larboard.gifts,available,14.99,46.99,medium,low,8,name.com,,,22/08/2026 19:51
a4f85630-af69-4043-9419-83fd3ba46f0c,selfish.gifts,available,29.18,29.18,medium,low,7,spaceship,,,27/09/2026 19:59
13a91f52-47e1-4e0e-a68b-ef02188bec27,mart.gifts,available,8.24,30.18,high,low,4,dynadot,,,03/10/2026 01:33
88d45f70-5eeb-403c-8dd2-f058c391b56c,renovation.gifts,available,29.18,29.18,high,low,10,spaceship,,,03/10/2026 04:01
f34aba9e-ebd9-4850-88f7-4b00acc666f6,sunnyvale.gifts,available,36.99,36.99,high,low,9,namesilo,,,01/10/2026 11:38
8dade446-14a8-4a8c-9dfe-c3acb67f6f69,stables.gifts,available,36.99,36.99,medium,low,7,namesilo,,,28/09/2026 23:40
160e019f-4675-4a2b-872e-2cd0ab020151,eastwards.gifts,available,14.99,46.99,medium,low,9,name.com,,,14/08/2026 23:00
f21605a9-f985-4ffc-bda1-f5b7f62645ab,pinpoint.gifts,available,36.99,36.99,high,low,8,namesilo,,,30/09/2026 10:52
d2976f29-bf34-444b-8084-7341e01c23bc,stints.gifts,available,36.99,36.99,medium,low,6,namesilo,,,20/09/2026 14:23
610e9e70-0042-4e18-b8df-8ec9be274942,hendry.gifts,available,29.18,29.18,medium,low,6,spaceship,,,30/09/2026 21:36
88743015-fcea-4554-bff1-987a4c0ad3bf,offspring.gifts,available,38.48,47.48,high,low,9,namecheap,,,28/09/2026 11:24
5f48512a-62bc-4fbb-8c48-321193f206e1,empowering.gifts,premium,38.94,38.94,high,low,10,namesilo,,,02/10/2026 01:02
9366f878-4869-4d85-89f3-d7cd93051295,airways.gifts,available,8.24,30.18,medium,low,7,dynadot,,,30/09/2026 16:15
b215a299-c32e-46cf-9485-7d9ec75a19f0,scrub.gifts,available,38.48,47.48,high,low,5,namecheap,,,27/09/2026 18:50
a46319d7-5a96-44f5-bd33-8b68e063fde5,doctorate.gifts,available,28.2,28.2,high,low,9,cloudflare,,,30/09/2026 17:00
22acd224-5bf2-4360-9c90-dc44d0ac867e,zhejiang.gifts,available,36.99,36.99,medium,low,8,namesilo,,,29/09/2026 03:49
978edc9e-05c5-41ae-8b47-756ce7fc05d5,wilt.gifts,available,38.48,47.48,medium,low,4,namecheap,,,30/09/2026 19:06
580d9e43-2810-41e3-a88b-bcaec301b41e,xxvi.gifts,available,36.99,36.99,medium,low,4,namesilo,,,21/09/2026 12:52
ea2349e9-5b19-4e39-9324-463614d7fdde,orchis.gifts,available,36.99,36.99,medium,low,6,namesilo,,,21/09/2026 23:07
acafebf4-fb8d-46a7-937f-86df23cc7c4a,etcetera.gifts,available,38.48,47.48,high,low,8,namecheap,,,13/09/2026 19:52
a45b9f18-b36c-4e4e-8f51-5e446958ff9c,hydrolysis.gifts,available,36.99,36.99,medium,low,10,namesilo,,,01/10/2026 02:39
5d51b333-dae7-4408-a773-79538fc5cf5e,analog.gifts,available,14.99,46.99,high,low,6,name.com,,,
d47245a2-bd9b-4b5c-bf2f-b9679154ccb7,ointment.gifts,available,14.99,46.99,high,low,8,name.com,,,16/08/2026 15:54
f4f56639-5ca8-457f-b1ea-3c657b407bd3,untroubled.gifts,available,36.99,36.99,high,low,10,namesilo,,,10/09/2026 01:30
90aa2283-4c54-42d1-89db-95132cef3a8f,exiting.gifts,available,29.18,29.18,high,low,7,spaceship,,,01/10/2026 05:02
fca370c5-69dd-4389-88ef-2e425310a71f,ray.gifts,premium,260,260,high,low,3,namecheap,,,22/09/2026 19:55
4f790425-261b-4954-819b-9216d5ead0d4,documental.gifts,available,14.99,46.99,medium,low,10,name.com,,,14/08/2026 14:27
49176053-cbb6-44cd-aa8a-191656762a07,auschwitz.gifts,available,36.99,36.99,medium,low,9,namesilo,,,21/09/2026 04:35
52ddaf68-e8e4-4d92-82ae-df072097fdc0,fallible.gifts,available,14.99,46.99,medium,low,8,name.com,,,17/08/2026 21:30
9ba1f48a-1168-4aca-957b-58c2002a6d90,pancake.gifts,available,36.99,36.99,high,low,7,namesilo,,,22/09/2026 14:28
be6f0916-8756-44c7-b1aa-5141889ff6f1,nora.gifts,available,36.99,36.99,high,low,4,namesilo,,,25/09/2026 14:35
27e2e19b-d785-444c-95ac-f455f02e939e,sciolist.gifts,available,14.99,46.99,medium,low,8,name.com,,,14/08/2026 07:43
f768d495-d37f-417e-8316-2fe4420c5f9d,nuprin.gifts,available,36.99,36.99,medium,low,6,namesilo,,,17/09/2026 11:20
4a117390-ae6b-428c-93ee-e77ff084f376,anticlimax.gifts,available,38.48,47.48,medium,low,10,namecheap,,,19/09/2026 14:16
092f7a9a-8178-43ed-a54d-1bccc5985533,mitchel.gifts,available,8.24,30.18,medium,low,7,dynadot,,,02/10/2026 00:53
aebb4380-98d5-4987-8ed5-42b5c61ab451,belching.gifts,available,36.99,36.99,medium,low,8,namesilo,,,23/09/2026 04:36
0d617c10-3000-4e22-86bb-769b4f68bd26,ackee.gifts,available,36.99,36.99,medium,low,5,namesilo,,,17/09/2026 01:52
6a7c36a4-48ba-4b15-ad0a-1f78ecdc10ab,decrease.gifts,available,36.99,36.99,medium,low,8,namesilo,,,29/09/2026 00:39
29279caf-7a48-4b9f-9807-03ce9611ff57,barks.gifts,available,28.2,28.2,medium,low,5,cloudflare,,,02/10/2026 02:38
51813057-c471-417e-9389-253d60ba6616,fanged.gifts,available,14.99,46.99,medium,low,6,name.com,,,17/08/2026 22:05
4cdc4b15-a197-4e1d-9a9d-3252d18c3a8e,pathetic.gifts,available,14.99,46.99,medium,low,8,name.com,,,20/08/2026 23:50
8cb0fad5-7cf2-4a84-b2e2-8e39ded51433,rennie.gifts,available,28.2,28.2,high,low,6,cloudflare,,,30/09/2026 12:40
140f8a62-aecc-4e54-b7e1-b5933a173c9c,taint.gifts,available,36.99,36.99,medium,low,5,namesilo,,,24/09/2026 17:39
df406868-c2c1-4c3f-a245-549a005e7284,junk.gifts,available,38.48,47.48,medium,low,4,namecheap,,,24/09/2026 21:06
58554275-7781-4055-9ece-6c380e020104,languorous.gifts,available,14.99,46.99,medium,low,10,name.com,,,22/08/2026 18:05
90353839-3bcd-4714-995c-d6d98033ae03,buchanan.gifts,available,29.18,29.18,high,low,8,spaceship,,,28/09/2026 01:11
8d06e6ca-4717-47c8-9bd7-81da38bc71aa,ammonium.gifts,available,38.48,47.48,high,low,8,namecheap,,,18/09/2026 22:10
b2676f7c-524f-41d2-ba63-c2ad24993820,depot.gifts,available,36.99,36.99,high,low,5,namesilo,,,11/09/2026 11:49
c0dd0abf-f0fe-412e-9e60-2171c5ff89b1,perfective.gifts,available,14.99,46.99,medium,low,10,name.com,,,08/09/2026 16:27
c84dbb7f-102f-48de-8202-a5e6917a29f1,kelvin.gifts,available,14.99,46.99,high,low,6,name.com,,,22/08/2026 15:02
267760d5-794f-4e2c-9659-79e012f20ba5,theistic.gifts,available,36.99,36.99,medium,low,8,namesilo,,,11/09/2026 12:41
648d4c68-1c21-4a2a-a442-840df176626d,virtuous.gifts,available,36.99,36.99,high,low,8,namesilo,,,13/09/2026 06:06
547079f4-ab80-4d2d-b5da-32d68a3f51dc,ena.gifts,available,36.99,36.99,high,low,3,namesilo,,,02/10/2026 18:37
dda3fcd5-3741-4554-abe6-2ba47dd9b16c,pareve.gifts,available,14.99,46.99,medium,low,6,name.com,,,08/09/2026 01:25
64f076bb-4686-40cd-9c4a-83e794cb8c70,disposed.gifts,available,38.48,47.48,high,low,8,namecheap,,,01/10/2026 17:48
453cb901-de7e-4cc4-813b-93d90ba6069e,altawhid.gifts,available,36.99,36.99,medium,low,9,namesilo,,,18/09/2026 01:07
9e7c9e5c-a0de-400d-a1c7-ddcbd87dc270,debating.gifts,available,38.48,47.48,medium,low,8,namecheap,,,29/09/2026 05:52
03cc81f4-aa34-4a9d-ac13-beb4854fbdd0,cheetah.gifts,available,36.99,36.99,high,low,7,namesilo,,,17/09/2026 01:33
86e3c728-6779-458c-a011-62fa29e89f4e,defending.gifts,available,14.99,46.99,high,low,9,name.com,,,13/08/2026 23:13
999008f3-ed17-4db3-ae18-5ebe36404495,befitting.gifts,available,14.99,46.99,medium,low,9,name.com,,,09/08/2026 08:38
031afcb7-1bed-413b-82a1-f9335b76da51,absolutism.gifts,available,38.48,47.48,medium,low,10,namecheap,,,16/09/2026 18:00
05d5777e-a655-4a4e-a131-b688070781f9,wifi.gifts,available,8.24,30.18,high,medium,5,dynadot,,,02/10/2026 17:10
a052b568-bbd3-4fa7-9c6e-7fe4e6691e8e,alessandro.gifts,available,28.2,28.2,medium,low,10,cloudflare,,,28/09/2026 05:03
20425663-8623-48ed-9546-b5df112edbec,impostor.gifts,available,36.99,36.99,medium,low,8,namesilo,,,09/09/2026 04:59
1e3083fb-3264-465a-95f3-9742410378f7,charioteer.gifts,available,36.99,36.99,medium,low,10,namesilo,,,21/09/2026 04:25
0437e932-c758-4cc3-bc0c-3b69ad72834f,bicycling.gifts,available,36.99,36.99,high,low,9,namesilo,,,23/09/2026 13:28
6f3bc2fc-7645-4d94-b7e5-62a54ddd6441,sever.gifts,available,28.2,28.2,high,low,5,cloudflare,,,01/10/2026 04:12
328340f0-d8ff-4bbf-90de-5e7846b41372,cdp.gifts,available,29.18,29.18,high,low,3,spaceship,,,28/09/2026 03:37
3342130f-ead0-49de-a4d5-f0c6405f7922,corridor.gifts,available,29.18,29.18,high,low,8,spaceship,,,29/09/2026 11:39
bae9339f-15ee-4b14-b7b4-8e8dd69cd36b,daly.gifts,available,36.99,36.99,high,low,4,namesilo,,,25/09/2026 13:04
697ccf95-980a-475d-8103-e6a6c4acdbbc,diaphragm.gifts,available,38.48,47.48,high,low,9,namecheap,,,30/09/2026 09:15
b414c6ef-5e20-48b9-8d74-387de35e8951,beaumont.gifts,premium,78.54,78.54,high,low,8,namesilo,,,22/09/2026 22:14
3a7873da-ac7f-4792-aebb-c54e02d42f0f,mold.gifts,available,36.99,36.99,high,low,4,namesilo,,,24/09/2026 15:22
e529ca7a-9e84-4cc5-9561-116ccff478af,gita.gifts,available,36.99,36.99,medium,low,4,namesilo,,,23/09/2026 12:33
dc4e6b63-c3e9-497f-8891-8bff18f47128,rattled.gifts,available,14.99,46.99,medium,low,7,name.com,,,18/08/2026 09:33
0fc76a7b-7a1c-4826-9d8e-9e4317a8dcce,omen.gifts,available,36.99,36.99,high,low,4,namesilo,,,27/09/2026 07:13
2581237b-0565-4c04-9ed2-65bb4c2b35a8,ataractic.gifts,available,14.99,46.99,low,low,9,name.com,,,07/08/2026 12:44
389e550c-fdf3-432f-ab02-0663c26d143e,replicate.gifts,available,14.99,46.99,high,low,9,name.com,,,14/08/2026 21:26
d7a36a7d-ced5-4d69-87da-22fcce691b1d,showy.gifts,available,14.99,46.99,medium,low,5,name.com,,,18/08/2026 06:20
8d237eb3-4251-49e7-93d7-dd636e601fca,hadrian.gifts,available,36.99,36.99,medium,low,7,namesilo,,,17/09/2026 09:58
d76a7022-7d64-4f1f-8832-e3ed7853a3da,nutritional.gifts,available,36.99,36.99,high,low,11,namesilo,,,30/09/2026 11:42
bf2e1f58-8907-4b26-b079-2854040298db,almighty.gifts,available,,,high,low,8,,,,
e5b09d39-5f62-4009-af06-dd61c1eda659,musing.gifts,available,14.99,46.99,high,low,6,name.com,,,11/08/2026 05:58
ce41ef84-84fc-4a8c-a9e8-192300f08563,physicists.gifts,available,29.18,29.18,medium,low,10,spaceship,,,02/10/2026 13:55
6b30bc3e-cc91-4283-8849-c1eb5a31ddc5,copies.gifts,available,36.99,36.99,medium,low,6,namesilo,,,27/09/2026 09:16
5ea61c48-48ca-4a0a-b285-92acb0970642,operable.gifts,available,36.99,36.99,medium,low,8,namesilo,,,04/09/2026 16:20
c0a9d467-caf6-4b4b-bf27-345140c41186,emory.gifts,available,36.99,36.99,high,low,5,namesilo,,,29/09/2026 15:34
96ee23b5-991e-4166-8055-4a1d72bdafb8,follow.gifts,available,38.48,47.48,high,low,6,namecheap,,,30/09/2026 13:24
5445442a-80ea-4d63-92d2-5cb1cd04b65d,lumber.gifts,available,36.99,36.99,high,low,6,namesilo,,,22/09/2026 10:02
a55eed5a-b656-4e4f-9513-a1da56cfcf52,condoms.gifts,available,36.99,36.99,medium,low,7,namesilo,,,30/09/2026 07:27
cabcd814-75fe-49e0-9924-bcb20fca1e19,nations.gifts,available,28.2,28.2,medium,low,7,cloudflare,,,27/09/2026 22:54
10866ee9-3e91-47a4-9656-24d4c9563b23,amit.gifts,available,29.18,29.18,high,low,4,spaceship,,,02/10/2026 19:09
e8e8c246-de45-49a5-b40d-1c3d1b1c40b3,autistic.gifts,available,14.99,46.99,high,low,8,name.com,,,07/08/2026 19:22
8b215117-a460-452f-8ac2-db765de3ff7d,routinely.gifts,available,14.99,46.99,medium,low,9,name.com,,,16/09/2026 00:11
fdd9da00-4b6f-49f3-b2d2-573a750f770b,pour.gifts,available,29.18,29.18,high,low,4,spaceship,,,30/09/2026 18:27
3f3a9426-be67-4d4e-bf60-85bedb49d918,biont.gifts,available,38.48,47.48,medium,low,5,namecheap,,,23/09/2026 18:48
fcd32a98-9801-46b9-a77d-dc68e243556b,hovers.gifts,available,36.99,36.99,medium,low,6,namesilo,,,21/09/2026 10:26
bd6f622f-7d00-454f-a633-2574e335f6df,voidable.gifts,available,36.99,36.99,medium,low,8,namesilo,,,09/09/2026 14:47
2e3cea89-01bb-45dd-b20e-a7d8bb81d0e1,clausal.gifts,available,14.99,46.99,medium,low,7,name.com,,,12/08/2026 10:00
b9b61910-bdeb-4482-ae3e-adf457ca7c45,vampires.gifts,available,36.99,36.99,medium,low,8,namesilo,,,28/09/2026 13:22
15b6b7e3-464f-4a16-a4bf-e918f28125e8,apercu.gifts,available,38.48,47.48,medium,low,6,namecheap,,,19/09/2026 16:30
f2169cc3-2241-4104-9ae0-4e7c68064bac,redstart.gifts,available,14.99,46.99,high,low,8,name.com,,,18/09/2026 20:37
3bdae12a-2f04-42f0-9db8-8a284d9d16de,determines.gifts,available,36.99,36.99,medium,low,10,namesilo,,,19/09/2026 23:58
91b66931-c211-4bea-8c4b-054d2c7a4154,leads.gifts,available,38.48,47.48,high,low,5,namecheap,,,25/09/2026 20:21
04fd94e4-9fb0-4430-bc9b-c4987138fed9,cable.gifts,available,38.48,47.48,high,low,5,namecheap,,,24/09/2026 11:34
486b8a50-2829-493c-ac2a-f39efd678f1f,libel.gifts,available,36.99,36.99,high,low,5,namesilo,,,02/10/2026 05:37
e6799352-8da9-4aa2-889d-252785053b97,opponent.gifts,available,14.99,46.99,high,low,8,name.com,,,04/09/2026 16:36
cfb0c50f-6993-40fb-96c8-8c3a9ad99c6c,grouped.gifts,available,14.99,46.99,medium,low,7,name.com,,,20/08/2026 20:22
35b178e5-f5da-4e10-a8fd-16732159d029,huffman.gifts,available,36.99,36.99,medium,low,7,namesilo,,,29/09/2026 15:25
bcb93905-8064-40f1-944c-3f4fa8bf4a6d,katowice.gifts,available,8.24,29.35,medium,low,8,porkbun,,,03/10/2026 01:23
d29ccbe4-ba66-43d6-bb4a-52e2c168fb16,temperature.gifts,available,36.99,36.99,high,low,11,namesilo,,,02/10/2026 15:27
5e3b08a8-9ece-4f44-8d38-d6bb11420507,notice.gifts,available,36.99,36.99,high,low,6,namesilo,,,24/09/2026 16:29
c29b226f-9f49-4a4c-b3b7-e3a8c33ba149,unchecked.gifts,available,36.99,36.99,medium,low,9,namesilo,,,12/09/2026 04:32
5e5efc0d-86ac-4a96-9fe4-17de73140d42,vilnius.gifts,available,38.48,47.48,medium,low,7,namecheap,,,28/09/2026 18:34
6f8d1d6f-0f3c-4fa5-9cba-ffcce6490cd3,sidney.gifts,available,36.99,36.99,high,low,6,namesilo,,,27/09/2026 05:44
e257bd84-9b6d-4330-abad-7818dc12f5a9,developing.gifts,available,14.99,46.99,high,low,10,name.com,,,24/09/2026 07:59
7f6554b0-f10f-4d7f-b2e6-64a65b6ea7ab,implying.gifts,available,29.18,29.18,high,low,8,spaceship,,,01/10/2026 23:05
3e93c3f9-1e21-4059-a10b-d95880697589,bareboat.gifts,available,38.48,47.48,medium,low,8,namecheap,,,22/09/2026 05:23
9630727c-a280-4e82-ac46-cff2c0ec9c8d,canadian.gifts,premium,85.8,85.8,high,low,8,namecheap,,,23/09/2026 12:40
86c6158b-a9d4-41cf-b195-8d2372907ef4,advice.gifts,premium,78.54,78.54,high,low,6,namesilo,,,28/09/2026 19:02
249c3abd-ff57-4f50-8760-32135674a9fa,dissertation.gifts,available,29.18,29.18,high,low,12,spaceship,,,30/09/2026 03:22
b086cc4e-f101-4662-90c2-28c3f62c6414,nucleated.gifts,available,36.99,36.99,medium,low,9,namesilo,,,03/09/2026 22:22
0c0f6317-821c-4f0a-9d56-abc75898fad8,khalil.gifts,available,36.99,36.99,medium,low,6,namesilo,,,29/09/2026 22:35
52997fe3-14d6-40b8-b0f4-3fcf467db581,crete.gifts,available,29.18,29.18,high,low,5,spaceship,,,30/09/2026 01:10
0b32878f-ed5b-480b-85e0-37fc1bd58e58,heineken.gifts,available,36.99,36.99,high,low,8,namesilo,,,02/10/2026 08:05
f2aadc04-4136-43f0-bd6d-07f5b39f3c78,canasta.gifts,available,38.48,47.48,high,low,7,namecheap,,,22/09/2026 11:16
58e3bf93-25b5-4ac7-ba6a-0be655e1e151,lightsome.gifts,available,14.99,46.99,high,low,9,name.com,,,10/08/2026 14:41
006bb8fc-6a44-4923-ad8f-303a3b335017,broker.gifts,premium,242,242,high,low,6,namesilo,,,24/09/2026 10:40
6c1f47d1-ea3c-43b2-a863-7f13fffc671f,cancerous.gifts,available,14.99,46.99,medium,low,9,name.com,,,11/08/2026 16:33
c75dd195-8a0a-41a0-b42a-b46e133c6985,overture.gifts,available,29.18,29.18,high,low,8,spaceship,,,30/09/2026 18:16
03c7f73a-6f0c-4ad8-a09a-38c4b3d2d475,frustrating.gifts,available,29.18,29.18,medium,low,11,spaceship,,,29/09/2026 14:46
c6bce4b6-485f-4ab1-a4c7-84644909f4b9,moth.gifts,available,8.24,30.18,high,low,4,dynadot,,,28/09/2026 19:56
d7d1ccae-dccf-4593-a55f-98c88deb34af,subscribed.gifts,available,36.99,36.99,high,low,10,namesilo,,,11/09/2026 00:41
e28c1489-c35f-48e9-8ac0-79fc18859075,withholding.gifts,available,36.99,36.99,medium,low,11,namesilo,,,30/09/2026 06:21
8ea6eac3-ed47-4e79-b0d4-89abc6ee1447,shut.gifts,available,14.99,46.99,high,low,4,name.com,,,12/08/2026 12:10
9694f5bc-78ef-4089-939a-ca8867e8ae48,lacy.gifts,available,14.99,46.99,medium,low,4,name.com,,,22/08/2026 17:47
94eed77e-ec03-41b4-85c9-915cd251def8,beneficiary.gifts,available,8.24,30.18,high,low,11,dynadot,,,30/09/2026 03:53
b3983436-db9a-4696-ab05-995c23e8bdf2,welcoming.gifts,premium,78.54,78.54,high,low,9,namesilo,,,13/09/2026 10:14
6bbd8fc8-178a-4dff-8768-a45cffd544cc,struggle.gifts,available,8.24,30.18,high,low,8,dynadot,,,29/09/2026 09:49
ce810636-5dfe-406f-a641-1b251e245ab0,fortified.gifts,available,14.99,46.99,high,low,9,name.com,,,09/08/2026 00:17
c73352f1-de07-4846-91cd-88967a154a03,loftily.gifts,available,36.99,36.99,medium,low,7,namesilo,,,15/09/2026 12:38
b9795e70-c0fa-4309-b5ae-8a7177d21f98,eccles.gifts,available,29.18,29.18,medium,low,6,spaceship,,,29/09/2026 06:42
e08fec2b-bc60-4fa7-b046-2efb2bebd44a,crisis.gifts,available,38.48,47.48,high,low,6,namecheap,,,24/09/2026 19:30
42946b7c-86b4-4427-8f20-e88c72892648,cobb.gifts,available,28.2,28.2,medium,low,4,cloudflare,,,28/09/2026 15:39
536b0aa3-3ce7-4d0e-8680-09a6326f191c,tyrolean.gifts,available,36.99,36.99,medium,low,8,namesilo,,,11/09/2026 22:33
0f727d50-77ff-4e14-8c3e-a051c7c69e74,editing.gifts,available,8.24,30.18,high,low,7,dynadot,,,28/09/2026 13:57
5afa4937-4cc5-48e6-af02-ad862ea60d3a,tidy.gifts,available,14.99,46.99,high,low,4,name.com,,,20/08/2026 16:42
19f606e0-45be-4c55-a51d-b4cb509e09d7,inexpensive.gifts,premium,260,260,high,low,11,namecheap,,,01/10/2026 01:44
0e84dc10-426f-4d9e-ab93-e82979ef9554,outlandish.gifts,available,14.99,46.99,medium,low,10,name.com,,,10/08/2026 10:37
ea15ce99-2e49-460d-bc1b-c69fbe4eae95,violent.gifts,available,36.99,36.99,high,low,7,namesilo,,,11/09/2026 09:46
8500d9b8-cb05-450e-8307-ee8591d619b5,niall.gifts,available,36.99,36.99,medium,low,5,namesilo,,,01/10/2026 08:02
57880486-957f-44a7-b7bd-6b3a92dd7a9a,eternally.gifts,available,36.99,36.99,high,low,9,namesilo,,,14/09/2026 16:17
9cfcaffc-69ca-4d69-abe3-ac1c4c7bfa1d,branson.gifts,available,38.48,47.48,high,low,7,namecheap,,,29/09/2026 17:54
c64c9573-20e1-45a5-a493-c216e5957ef9,moore.gifts,available,29.18,29.18,high,low,5,spaceship,,,27/09/2026 13:11
8f69ea96-1611-4141-bc69-661a60ce3375,squab.gifts,available,36.99,36.99,medium,low,5,namesilo,,,10/09/2026 17:08
2738df82-243f-4e82-868c-3886fa43feaa,fluorescent.gifts,available,29.18,29.18,high,low,11,spaceship,,,30/09/2026 19:26
4eaf3721-1b67-4369-8f23-0bf6a73ff79c,aaa.gifts,premium,512,512,high,medium,3,namesilo,,,28/09/2026 16:55
25c1b989-119c-46ac-9f41-c30eb0c4c513,ellipsoid.gifts,available,14.99,46.99,medium,low,9,name.com,,,16/08/2026 04:37
8a2a2b6c-6bfd-49b6-84a1-daa242f11f80,resole.gifts,available,36.99,36.99,medium,low,6,namesilo,,,10/09/2026 13:33
b3f531b9-655f-4d0f-89e5-5183b8b1f33f,hand.gifts,available,29.18,29.18,high,low,4,spaceship,,,29/09/2026 04:06
6ab3afb3-ac13-4a27-8f0b-f19e787536c3,brigade.gifts,available,38.48,47.48,high,low,7,namecheap,,,24/09/2026 10:19
5adc3d2d-03a5-4c88-8b6d-2c3f588282f4,amplitude.gifts,available,36.99,36.99,high,low,9,namesilo,,,18/09/2026 23:46
76e7e936-e1a6-4cff-9de9-217aaf0db3e3,talker.gifts,available,29.18,29.18,high,low,6,spaceship,,,03/10/2026 02:10
25fade2c-fe91-4f77-8c33-5c381d206b44,neurologic.gifts,available,36.99,36.99,medium,low,10,namesilo,,,03/09/2026 16:16
db2ae498-1958-4fa0-a693-9bdd009922b2,warring.gifts,available,36.99,36.99,medium,low,7,namesilo,,,13/09/2026 08:11
2b8e4491-031a-49ef-9805-77a0a1997c37,layman.gifts,available,36.99,36.99,medium,low,6,namesilo,,,10/09/2026 01:24
549efed5-3f93-4072-8276-a161bf8c8e6b,pdp.gifts,available,28.2,28.2,high,low,3,cloudflare,,,28/09/2026 21:36
54cf1539-4704-43fc-893f-db4174d335a7,manchester.gifts,premium,36.3,36.3,high,low,10,dynadot,,,28/09/2026 19:49
643c7e0e-080d-4436-a08b-53b4a2f02c91,adjectives.gifts,available,36.99,36.99,medium,low,10,namesilo,,,18/09/2026 16:11
2924240b-8cfe-4421-86fb-ea3b27bf87f7,frc.gifts,available,36.99,36.99,high,low,3,namesilo,,,02/10/2026 22:09
bb815cb9-0661-46ba-939e-44bb1c22448c,mcginnis.gifts,available,29.18,29.18,medium,low,8,spaceship,,,02/10/2026 10:47
5edfe7c7-4c7b-4f0f-828d-4e6ef833537a,disrepute.gifts,available,36.99,36.99,medium,low,9,namesilo,,,24/09/2026 22:34
3bc07ed4-42aa-4072-9f21-dcae5321667a,stricken.gifts,available,14.99,46.99,high,low,8,name.com,,,
2024fa55-393b-435c-a0b1-d260e088e564,grandkids.gifts,available,38.48,47.48,medium,low,9,namecheap,,,19/09/2026 23:28
141c7e14-ecd5-4092-9951-d75cf9f4c4bf,since.gifts,available,36.99,36.99,high,low,5,namesilo,,,30/09/2026 22:14
d56a746b-0e22-4175-b809-76e99f9f9f67,aluminium.gifts,available,36.99,36.99,high,low,9,namesilo,,,18/09/2026 00:20
5389af7e-fa61-4702-bcda-0cd36ffe51dd,catarrhine.gifts,available,14.99,46.99,medium,low,10,name.com,,,11/08/2026 21:11
075235a8-1ca9-41f0-b829-7b8ac2b07467,containers.gifts,available,36.99,36.99,medium,low,10,namesilo,,,19/09/2026 01:32
6dd62aa9-83f4-4820-99d9-cbbacb850390,spokesperson.gifts,available,28.2,28.2,high,low,12,cloudflare,,,30/09/2026 14:32
7bcede8b-a748-4083-ad0f-ba51ba5a74fc,heisenberg.gifts,available,36.99,36.99,high,low,10,namesilo,,,30/09/2026 10:06
57f0bbac-26eb-4e34-90c9-c21fd426600a,somewhere.gifts,available,36.99,36.99,high,low,9,namesilo,,,16/09/2026 04:14
db2e946c-b12f-4e80-97a5-81b81ede253e,tigre.gifts,available,8.24,30.18,high,low,5,dynadot,,,02/10/2026 17:18
bf5fc85b-138b-464a-9357-f667a362b54d,muzzle.gifts,available,36.99,36.99,high,low,6,namesilo,,,29/09/2026 07:01
f8d7b839-3468-46e4-b848-59fbe3292bb7,geothermal.gifts,available,14.99,46.99,high,low,10,name.com,,,18/08/2026 22:39
630dd743-874b-4c2b-8ef6-7a06ae426e85,wads.gifts,available,36.99,36.99,high,low,4,namesilo,,,14/09/2026 23:30
24c0dc3b-e518-4810-8fd9-6c34e3afea2f,farseeing.gifts,available,14.99,46.99,medium,low,9,name.com,,,14/08/2026 22:22
7c0bb949-94d2-42f8-b44f-13dbaf06a4e8,equid.gifts,available,14.99,46.99,medium,low,5,name.com,,,17/08/2026 11:47
5cc954a0-bebb-4135-aa32-54f69dfdbf34,danger.gifts,available,28.2,28.2,high,low,6,cloudflare,,,29/09/2026 13:11
76a97cea-67c3-49cb-8eb3-8a67e383eea4,carrillo.gifts,available,29.18,29.18,high,low,8,spaceship,,,30/09/2026 05:28
e68301dc-c52d-4119-863e-1a1cc1bda02a,getatable.gifts,available,14.99,46.99,medium,low,9,name.com,,,18/08/2026 23:00
fd2a9329-5634-424b-9d5c-1f20e04014a3,grabs.gifts,available,8.24,30.18,medium,low,5,dynadot,,,29/09/2026 11:38
f049cf3a-bcc4-45cf-9e1c-45c18679aec0,luther.gifts,available,36.99,36.99,high,low,6,namesilo,,,25/09/2026 23:29
8e56d386-a310-44a0-bc35-57caa820bdee,ent.gifts,premium,34.36,34.36,high,low,3,spaceship,,,29/09/2026 08:56
f72919f2-b3a1-4e47-83fc-f4a4ccd67d54,magnets.gifts,premium,68.51,68.51,medium,low,7,spaceship,,,02/10/2026 14:00
d2ba97a8-0d83-4089-a8a8-41b9bb8385dc,after.gifts,available,36.99,36.99,high,low,5,namesilo,,,21/09/2026 22:16
3a97609b-72ed-4a36-b7db-9430d7b5273c,travelled.gifts,available,36.99,36.99,high,low,9,namesilo,,,28/09/2026 09:32
97e3e852-4656-44cf-9bcc-de667e742cd7,avidity.gifts,available,36.99,36.99,high,low,7,namesilo,,,21/09/2026 09:28
78b5959d-302d-4195-ab7c-118dc345effc,unfading.gifts,available,36.99,36.99,medium,low,8,namesilo,,,12/09/2026 09:53
2e27e1b2-5db7-4df5-ba2d-fe35a8529918,shakes.gifts,available,36.99,36.99,medium,low,6,namesilo,,,29/09/2026 17:26
8010272b-ee7f-4a2c-a459-792459f74b78,innovative.gifts,premium,242,242,high,low,10,namesilo,,,02/10/2026 23:26
b6ef0d23-5961-4f1d-b2d6-59e7f00f4e92,baster.gifts,available,36.99,36.99,medium,low,6,namesilo,,,22/09/2026 12:47
67804ac4-1786-4e6a-a7d1-7eef7bb3aa99,helmholtz.gifts,available,36.99,36.99,high,low,9,namesilo,,,22/09/2026 07:07
870fe310-c54d-4c5c-a6cd-16ac703e6a6c,travelling.gifts,available,8.24,30.18,high,low,10,dynadot,,,30/09/2026 13:50
6bf7fb43-ef15-499f-ada0-fb3c0fc33c4f,rhymes.gifts,available,28.2,28.2,medium,low,6,cloudflare,,,29/09/2026 05:42
75977436-1fbc-4083-81d1-af48b2817389,mommy.gifts,premium,42.9,42.9,high,low,5,namecheap,,,30/09/2026 02:10
90d41e11-e462-4a93-9232-86aef8f70193,brookline.gifts,available,36.99,36.99,medium,low,9,namesilo,,,29/09/2026 10:05
9735a94c-933c-46c8-837d-29451cbfba43,smashingly.gifts,available,36.99,36.99,medium,low,10,namesilo,,,16/09/2026 02:49
ac636079-1f9a-456b-90c9-41af356e65f5,pervious.gifts,available,38.48,47.48,medium,low,8,namecheap,,,08/09/2026 18:09
cc584a88-f1cf-462d-89e5-aa498e6a0085,subalpine.gifts,available,14.99,46.99,medium,low,9,name.com,,,
d18185de-8e7b-43ff-ad89-f8ad7f097bb3,bid.gifts,premium,68.51,68.51,high,low,3,spaceship,,,29/09/2026 02:29
189dc6bc-e655-4f89-b084-77b950497bf9,townsite.gifts,available,29.18,29.18,high,low,8,spaceship,,,30/09/2026 12:32
ca8e8d8c-c34c-44a2-85a8-c603989bd847,moneymakers.gifts,available,38.48,47.48,medium,low,11,namecheap,,,20/09/2026 18:20
6b570691-874a-437d-bdd9-846bff119255,chemicals.gifts,available,36.99,36.99,medium,low,9,namesilo,,,28/09/2026 08:24
8acc4652-d6ba-4fd5-9be1-1315c9af3a98,likely.gifts,available,36.99,36.99,high,low,6,namesilo,,,25/09/2026 13:46
1cb648e3-64b8-4104-a2e5-7017a23cd073,olibanum.gifts,available,38.48,47.48,medium,low,8,namecheap,,,16/09/2026 09:03
e02e8a7a-89dd-4a1d-ae16-e178661232c0,fpc.gifts,available,36.99,36.99,medium,low,3,namesilo,,,03/10/2026 04:00
00578aa8-7f23-4bae-ae65-ebbe46e8cb09,dromedary.gifts,available,38.48,47.48,medium,low,9,namecheap,,,19/09/2026 23:32
45fd7443-0bd6-48ab-b7db-ab8ae756fdec,josie.gifts,available,29.18,29.18,high,low,5,spaceship,,,29/09/2026 21:56
9fe7e694-1c8e-41af-b459-f0f8e6590b9c,touched.gifts,available,14.99,46.99,high,low,7,name.com,,,25/08/2026 09:12
f5f9b27d-cd09-4099-accc-8ec04c0b1774,pendent.gifts,available,36.99,36.99,medium,low,7,namesilo,,,08/09/2026 14:07
b9ab5bd6-5a19-476f-9f2e-0d3a02fd91f0,gambling.gifts,premium,38.94,38.94,high,medium,8,namesilo,,,27/09/2026 04:09
e8b5afda-d322-4363-880c-2d49a96e55f5,default.gifts,available,36.99,36.99,high,low,7,namesilo,,,29/09/2026 13:30
b9d4a983-410f-46f8-8e5b-05db091d1a8b,stylishly.gifts,available,38.48,47.48,medium,low,9,namecheap,,,16/09/2026 07:28
b2d1e5e4-9f27-48e8-88f2-7460741b8500,washington.gifts,premium,72.6,72.6,high,low,10,dynadot,,,28/09/2026 20:59
08568771-1e35-437e-a69f-e7cd07a492c6,rams.gifts,available,29.18,29.18,high,low,4,spaceship,,,30/09/2026 20:33
9c1b95c4-e371-45ad-a25e-439d61402a32,deprive.gifts,available,8.24,29.35,medium,low,7,porkbun,,,30/09/2026 18:51
afcd2e8d-9270-45ee-b9b4-ee3e5df16940,pivot.gifts,available,8.24,29.35,high,medium,5,porkbun,,,30/09/2026 06:56
2d325c56-a836-42e3-9e81-0a527a0f7ed9,pinging.gifts,available,38.48,47.48,medium,low,7,namecheap,,,02/10/2026 02:36
ea2385b1-15c5-47f2-8ff2-aefe68408c75,lendable.gifts,available,14.99,46.99,medium,low,8,name.com,,,22/08/2026 23:35
925ddc55-2395-4843-aa21-15591f4dd670,adequate.gifts,available,38.48,47.48,high,low,8,namecheap,,,21/09/2026 18:22
ce6b4c62-98f1-452d-a0c3-dac0262fe9a6,consists.gifts,available,28.2,28.2,low,low,8,cloudflare,,,29/09/2026 23:07
2e073d18-60e9-4654-89cc-643771f11c51,lava.gifts,available,29.18,29.18,high,low,4,spaceship,,,30/09/2026 02:19
94deda24-eebe-4b7e-9c5e-d789573866c5,dicks.gifts,available,29.18,29.18,medium,low,5,spaceship,,,02/10/2026 13:25
f6201f33-6496-49a0-8f03-10e5946dd492,reverting.gifts,available,36.99,36.99,medium,low,9,namesilo,,,09/09/2026 15:58
05682863-7932-42bd-b916-0c8f8cfe1d97,parkes.gifts,available,29.18,29.18,medium,low,6,spaceship,,,29/09/2026 22:23
db7594f3-a069-42ac-91de-86ef1af7676c,issues.gifts,available,38.48,47.48,medium,low,6,namecheap,,,25/09/2026 21:11
b14f0741-353f-48e2-a9aa-ca2247c80daa,anglomania.gifts,available,36.99,36.99,medium,low,10,namesilo,,,19/09/2026 06:51
dc4030db-cb3e-4e6a-bb58-75fae5c23a78,vladimir.gifts,available,36.99,36.99,high,low,8,namesilo,,,25/09/2026 14:40
e5469ddf-2810-4081-993b-46e78bf88d7e,remainder.gifts,available,14.99,46.99,high,low,9,name.com,,,09/09/2026 15:03
e9c37395-4045-4c50-82ef-9268e95f92d5,lobster.gifts,available,29.18,29.18,high,low,7,spaceship,,,28/09/2026 06:11
77238407-1675-4df9-9be1-360fb5151e24,outrageous.gifts,available,14.99,46.99,medium,low,10,name.com,,,17/08/2026 17:38
ad128d79-2d55-4117-bc23-af4c055fc8eb,ringed.gifts,available,36.99,36.99,high,low,6,namesilo,,,
eb661828-168f-4f30-a441-aaeed43cc7f2,autonomy.gifts,available,36.99,36.99,high,low,8,namesilo,,,21/09/2026 07:27
d51743f6-c90d-409c-b462-9a41f4c0d1b8,defunct.gifts,available,14.99,46.99,medium,low,7,name.com,,,13/08/2026 23:55
dfcb55b1-7fdc-4f50-ac4a-19c4c89e1d27,anatole.gifts,available,28.2,28.2,medium,low,7,cloudflare,,,02/10/2026 20:01
d6d6c2cc-cbdf-439d-bb12-bca787e84ebc,shocked.gifts,available,14.99,46.99,high,low,7,name.com,,,
f08cbaf7-1810-4a1c-b058-55722fbcdb42,bulgarian.gifts,premium,242,242,high,low,9,namesilo,,,11/08/2026 08:23
63ce426a-ab3f-44f0-8536-2705458985d7,aged.gifts,available,36.99,36.99,high,low,4,namesilo,,,21/09/2026 22:26
d31c6890-12e7-411b-9764-5b21f03674ca,fossils.gifts,available,28.2,28.2,medium,low,7,cloudflare,,,01/10/2026 17:33
3db3ad12-e410-429b-a2ac-29e6923e154b,idyl.gifts,available,36.99,36.99,high,low,4,namesilo,,,08/09/2026 10:13
6ecb7e10-8261-4b68-ad44-3883461cd3ef,hailed.gifts,available,36.99,36.99,medium,low,6,namesilo,,,30/09/2026 15:28
db9db8b0-512c-4ed1-b6f3-f5b0ea486cfa,dougherty.gifts,available,28.2,28.2,medium,low,9,cloudflare,,,28/09/2026 23:48
8bd028d2-2558-4309-bf48-2617f03fb2bc,mediatory.gifts,available,14.99,46.99,medium,low,9,name.com,,,24/08/2026 18:55
aaa19c4d-42f4-4635-acf6-16d48d22f2be,prospective.gifts,available,29.18,29.18,high,low,11,spaceship,,,30/09/2026 03:37
77281263-1f2a-46dc-88bf-512998efc45f,farthest.gifts,available,36.99,36.99,medium,low,8,namesilo,,,24/09/2026 17:05
fd833423-3e0f-43b4-8b31-0fb86fac8d4b,ins.gifts,premium,42.9,42.9,high,low,3,namecheap,,,02/10/2026 15:48
92c94d1a-079f-45d1-ae3b-70364bf50810,lxxi.gifts,available,14.99,46.99,medium,low,4,name.com,,,
317ce7f0-aa78-4952-a9b9-faa58494d773,lands.gifts,available,29.18,29.18,medium,low,5,spaceship,,,28/09/2026 04:27
8deb4e2a-57af-4460-8560-0d958c559200,isi.gifts,available,28.2,28.2,high,low,3,cloudflare,,,29/09/2026 06:40
db11f8fe-2c41-4047-b449-1c5a25440c25,climb.gifts,available,36.99,36.99,high,low,5,namesilo,,,16/09/2026 22:41
aef25361-3d9c-4e16-a38e-350d2793f760,vaccines.gifts,available,8.24,30.18,medium,low,8,dynadot,,,02/10/2026 03:48
0aee26a3-2ef1-41a4-8e43-bf3e44d9f7f5,suburb.gifts,available,29.18,29.18,high,low,6,spaceship,,,30/09/2026 02:59
fc75f4ec-05d0-45a2-8bc6-82d600224546,neither.gifts,available,36.99,36.99,medium,low,7,namesilo,,,03/09/2026 15:18
6bf0b074-14e1-4048-b98a-8ac27aadab59,thou.gifts,available,36.99,36.99,medium,low,4,namesilo,,,21/09/2026 11:11
8495124c-327d-47f5-82ab-f52c969d4d80,contras.gifts,available,36.99,36.99,medium,low,7,namesilo,,,03/10/2026 00:11
96b62911-e785-4f3d-b6ff-1059fe3ad6bf,reclusive.gifts,available,36.99,36.99,medium,low,9,namesilo,,,09/09/2026 11:40
a91e4447-6b58-44fa-bceb-5fe60e297252,isosceles.gifts,available,14.99,46.99,medium,low,9,name.com,,,22/08/2026 11:16
90430bdb-e180-48ad-8c00-a02d89d1bfbe,aggressor.gifts,available,36.99,36.99,medium,low,9,namesilo,,,17/09/2026 17:41
c5f9ae83-206e-4fbe-ac6f-2204469a254e,arroba.gifts,available,36.99,36.99,medium,low,6,namesilo,,,20/09/2026 09:18
166a64c0-8853-444e-8bae-f4349b7605f9,oceangoing.gifts,available,36.99,36.99,medium,low,10,namesilo,,,04/09/2026 00:20
74849d0e-23ae-4d81-a4cd-401d30147cff,dependency.gifts,available,38.48,47.48,medium,low,10,namecheap,,,17/09/2026 06:56
b5097844-b94c-4101-9c4d-6f139e7f9a19,stockholm.gifts,premium,38.94,38.94,high,low,9,namesilo,,,29/09/2026 07:01
90d67cab-9744-43d9-9739-092de65d06ea,bushnell.gifts,available,36.99,36.99,medium,low,8,namesilo,,,29/09/2026 11:50
cee698cd-4261-4850-842e-b8cf7410700b,routing.gifts,available,29.18,29.18,high,low,7,spaceship,,,30/09/2026 19:31
c959b626-22e5-4e80-993c-3ada718db5d7,emotion.gifts,available,29.18,29.18,high,low,7,spaceship,,,29/09/2026 18:04
178dbc90-a516-4be3-8310-f66ede017511,silken.gifts,available,36.99,36.99,high,low,6,namesilo,,,09/09/2026 21:43
e1da0c41-f234-4ad1-987a-f7290bdd1116,potent.gifts,available,36.99,36.99,high,low,6,namesilo,,,09/09/2026 00:48
e313baa8-85da-4746-9502-90f610d9d5f0,bungalow.gifts,available,38.48,47.48,high,low,8,namecheap,,,24/09/2026 11:15
be7fa8e4-c5a4-4a04-986d-4bce24a521ff,bead.gifts,available,38.48,47.48,high,low,4,namecheap,,,29/09/2026 01:38
733b0a8b-465c-45d1-93ed-3c753dcc8875,provider.gifts,available,29.18,29.18,high,low,8,spaceship,,,30/09/2026 08:26
8deb8308-4ab7-473e-a39f-d6c28763aad9,breezy.gifts,available,36.99,36.99,high,low,6,namesilo,,,22/09/2026 22:40
f563d8d8-6868-43db-a6d8-e5d72f1bec0b,aleve.gifts,available,36.99,36.99,medium,low,5,namesilo,,,17/09/2026 15:07
4c381938-f099-45b0-a05f-bc9dca4c7c77,dai.gifts,available,36.99,36.99,high,low,3,namesilo,,,26/09/2026 00:53
faa9ad68-015d-4837-81a1-c964f6aed24f,tauten.gifts,available,14.99,46.99,medium,low,6,name.com,,,18/08/2026 05:16
7f33dc82-cdb2-4d1c-862b-4697a60af883,expedience.gifts,available,36.99,36.99,medium,low,10,namesilo,,,10/09/2026 02:11
9ed85f10-e007-4927-a788-6bee7655ca3f,manganese.gifts,available,36.99,36.99,medium,low,9,namesilo,,,20/09/2026 22:40
f91e7674-dc79-461b-b748-17fa6109278b,herbal.gifts,available,14.99,46.99,high,low,6,name.com,,,21/08/2026 06:58
fcf83769-fbd1-45d3-8d1b-3c587560919d,loyalist.gifts,available,38.48,47.48,medium,low,8,namecheap,,,10/09/2026 18:31
59f89fea-662b-4e20-a4b3-5266ec6791ec,istria.gifts,available,29.18,29.18,medium,low,6,spaceship,,,02/10/2026 19:43
b9fc3cd1-83ab-4672-8aa1-68a14ccc5d13,alibi.gifts,available,36.99,36.99,high,low,5,namesilo,,,18/09/2026 07:24
3498c185-bfe7-4353-8078-0ca96dec7057,gloucester.gifts,premium,68.51,68.51,high,low,10,spaceship,,,30/09/2026 09:55
b52fde49-9ec0-4038-96f8-1ad42b2696ed,inhabited.gifts,available,14.99,46.99,high,low,9,name.com,,,22/08/2026 04:59
7eb2db37-bd62-41df-8579-de00fd518db1,gobsmacked.gifts,available,14.99,46.99,high,low,10,name.com,,,20/08/2026 16:00
f4404600-da8f-4a46-9086-4b64007f2a3e,ceremonial.gifts,available,38.48,47.48,high,low,10,namecheap,,,19/09/2026 15:03
0e412f2b-b464-4eb1-8690-e614495847e8,tongued.gifts,available,36.99,36.99,medium,low,7,namesilo,,,11/09/2026 17:08
d1b55740-b965-4b14-9e58-b0a27c91cab9,sakura.gifts,available,36.99,36.99,high,medium,6,namesilo,,,02/10/2026 00:51
2389f6ae-eca1-4e33-b912-ce66d821113e,scissors.gifts,available,8.24,30.18,high,low,8,dynadot,,,28/09/2026 20:05
c8f8d902-dea0-4404-b165-3c4b67103630,banzai.gifts,available,36.99,36.99,high,low,6,namesilo,,,22/09/2026 03:19
fed9d259-b563-4a03-bd66-d02779a5ae80,augustine.gifts,available,36.99,36.99,high,low,9,namesilo,,,21/09/2026 04:01
c514d2bb-8bb5-4f6d-b294-c998728b5bde,hick.gifts,available,14.99,46.99,medium,low,4,name.com,,,11/08/2026 09:44
d481f68c-64d6-48a3-81cb-519ac9a8bcde,loser.gifts,available,38.48,47.48,medium,low,5,namecheap,,,18/09/2026 14:19
8b8b37ac-1a85-4f5d-85f3-84d37ed5e817,accidents.gifts,available,29.18,29.18,medium,low,9,spaceship,,,28/09/2026 05:03
36749216-7580-45e0-9290-0f93fed27dff,blitt.gifts,available,38.48,47.48,medium,low,5,namecheap,,,21/09/2026 14:13
896eb9c5-358d-493d-b83a-10198a7bd836,wonderfully.gifts,available,29.18,29.18,high,low,11,spaceship,,,01/10/2026 18:15
47678408-019d-404e-93d3-efcc7238521d,reflector.gifts,available,29.18,29.18,high,low,9,spaceship,,,03/10/2026 01:53
095935c9-2148-49d0-a8f7-ce1e13cc539d,inhibit.gifts,available,38.48,47.48,high,low,7,namecheap,,,30/09/2026 16:14
caa130e4-8785-4898-9e89-59c34e0eeaed,resisting.gifts,available,29.18,29.18,medium,low,9,spaceship,,,28/09/2026 21:16
a81c3aee-27b0-4b55-936d-fd2b29f1e634,organized.gifts,available,36.99,36.99,high,low,9,namesilo,,,03/10/2026 00:27
b1c361a5-2096-4deb-9d2d-9af1be0d6c10,effect.gifts,available,8.24,30.18,high,low,6,dynadot,,,29/09/2026 11:08
f70c0ba3-6756-4cad-8904-c747384f837e,pausanias.gifts,available,29.18,29.18,medium,low,9,spaceship,,,30/09/2026 21:56
22e29720-8b79-4a85-bd49-babc50426f93,speckless.gifts,available,14.99,46.99,medium,low,9,name.com,,,21/08/2026 20:42
b8bb668f-d86f-484b-bc70-3b5bc88d882e,part.gifts,available,38.48,47.48,high,low,4,namecheap,,,15/09/2026 19:03
2c4c2884-faa8-4e29-a61c-3f9c8c9f6d1f,priestley.gifts,available,36.99,36.99,medium,low,9,namesilo,,,29/09/2026 07:23
c6dc7608-7419-4ccd-8cca-f3a5e047588e,ballast.gifts,available,36.99,36.99,high,low,7,namesilo,,,21/09/2026 22:46
3c1b8d86-2c7e-4747-abe7-7ab4598b53fe,stocked.gifts,available,38.48,47.48,medium,low,7,namecheap,,,10/09/2026 20:54
715f9765-a541-4666-a99b-0112904fa91d,ajuga.gifts,available,36.99,36.99,medium,low,5,namesilo,,,17/09/2026 23:42
3eda3d43-8092-46df-976d-8197e2e8c3bb,planate.gifts,available,14.99,46.99,medium,low,7,name.com,,,18/08/2026 06:53
3445580a-4e8e-4562-8427-3024256d0286,charismatic.gifts,available,36.99,36.99,high,low,11,namesilo,,,30/09/2026 12:00
800f2b91-35d5-4971-a500-caef42e1382a,paired.gifts,available,14.99,46.99,high,low,6,name.com,,,04/09/2026 23:11
e9bb38c8-b4ea-40f0-acad-37e044b2ee6a,weirdly.gifts,available,36.99,36.99,medium,low,7,namesilo,,,16/09/2026 11:23
1e2cf913-2f31-4e1e-b422-fba1749ae56d,colossal.gifts,available,14.99,46.99,high,low,8,name.com,,,12/08/2026 17:57
735f8da5-e2c7-4c56-9863-42efce02d5e0,amenity.gifts,available,38.48,47.48,high,low,7,namecheap,,,17/09/2026 19:17
bdead66c-b7a3-43fa-9ca2-fcffa8857a43,minkowski.gifts,available,29.18,29.18,medium,low,9,spaceship,,,02/10/2026 15:41
21f4d58a-8db0-43fa-b758-36e41569b5e1,formations.gifts,available,29.18,29.18,medium,low,10,spaceship,,,01/10/2026 15:37
607865ca-62fb-4e42-a76f-3c489c84ed80,classless.gifts,available,14.99,46.99,medium,low,9,name.com,,,12/08/2026 09:48
76fe09d4-cc99-46b0-8d5a-faebac104131,minimum.gifts,available,38.48,47.48,high,low,7,namecheap,,,25/09/2026 20:24
d14d017f-fba5-48c7-9c66-8dd7540c22c3,thulium.gifts,available,36.99,36.99,medium,low,7,namesilo,,,20/09/2026 23:37
d22589be-2585-4e69-99c6-c7778d68b4e8,whichever.gifts,available,36.99,36.99,medium,low,9,namesilo,,,01/10/2026 05:05
e093526f-a5f5-41b7-8eb8-a3e86897b847,stars.gifts,premium,220,220,high,low,5,dynadot,,,02/10/2026 09:21
edc14628-e43b-444c-9fa6-3a390332ef8c,megan.gifts,available,36.99,36.99,medium,low,5,namesilo,,,26/09/2026 03:31
c1d3d424-5843-45c1-9e4d-527f770cccd0,crusher.gifts,available,36.99,36.99,high,low,7,namesilo,,,03/10/2026 00:22
6a7968f5-b2f5-4c7d-abcb-4eafde5ca79c,platitude.gifts,available,14.99,46.99,medium,low,9,name.com,,,12/08/2026 19:12
152bd3eb-e2d4-4ac9-868f-c0302e5f8af8,chore.gifts,available,28.2,28.2,high,low,5,cloudflare,,,29/09/2026 09:00
8bac1c93-99ae-436d-a3be-0afe7352a5ee,christians.gifts,available,36.99,36.99,medium,low,10,namesilo,,,16/09/2026 12:24
e5e2f83e-575c-40b2-8bd8-5e16aca9f57a,slut.gifts,available,36.99,36.99,high,low,4,namesilo,,,17/09/2026 10:21
97a762e4-e1b8-4516-a3cf-ff0c5d1059e5,equity.gifts,available,61.99,61.99,high,low,6,godaddy,,,30/09/2026 01:33
a7465d6e-1507-427d-969b-450f6bcd1862,valued.gifts,available,36.99,36.99,high,low,6,namesilo,,,28/09/2026 10:07
d67ffbfc-0749-42a6-82fe-178e740eab45,beheading.gifts,available,36.99,36.99,medium,low,9,namesilo,,,23/09/2026 03:20
18fbd3c6-bcc9-45c0-9578-7024f3edc203,bine.gifts,available,36.99,36.99,medium,low,4,namesilo,,,23/09/2026 17:13
fbf883a1-4af7-4a72-baa5-c4c3a43c4b84,updating.gifts,available,28.2,28.2,high,low,8,cloudflare,,,02/10/2026 17:03
b4ad58a2-4150-4574-98b5-1ab87c1f7e14,twenty.gifts,available,36.99,36.99,high,low,6,namesilo,,,21/09/2026 12:24
bcf7031e-9c0d-456e-ad15-283ecd8cff2f,glinting.gifts,available,14.99,46.99,medium,low,8,name.com,,,
2fc74eaf-afa7-444b-b668-4b21abcf5dc5,unpopular.gifts,available,14.99,46.99,medium,low,9,name.com,,,12/09/2026 17:11
1d7042c3-d884-46e0-aca3-a81c0d8ec73a,bargello.gifts,available,36.99,36.99,medium,low,8,namesilo,,,22/09/2026 05:48
1245e73a-1bfa-4680-b58e-0889ebea9cc6,undone.gifts,available,36.99,36.99,medium,low,6,namesilo,,,11/09/2026 01:55
e469aeed-9830-4e55-99db-9b65a42b4636,celebration.gifts,premium,78.54,78.54,high,low,11,namesilo,,,27/09/2026 02:20
f91963ca-0e67-40bb-95d1-e82e27d2d4ef,pleased.gifts,available,14.99,46.99,high,low,7,name.com,,,27/09/2026 04:08
0052d59d-1525-49cf-99f4-639606361c90,basic.gifts,available,38.48,47.48,high,low,5,namecheap,,,22/09/2026 17:57
e9c99ebc-d2c7-48fd-af75-e1df3dc8cf97,lighthouse.gifts,available,38.48,47.48,high,medium,10,namecheap,,,22/09/2026 19:13
c889bb0f-11d1-4c34-ac0c-4bb48f963506,fortunate.gifts,available,14.99,46.99,high,low,9,name.com,,,18/08/2026 12:47
6038ae33-df61-487d-87c1-44b96b73fdac,recession.gifts,available,38.48,47.48,high,low,9,namecheap,,,27/09/2026 10:55
6678ab13-e08b-4909-a08a-766e6beb7c80,conde.gifts,available,36.99,36.99,medium,low,5,namesilo,,,29/09/2026 09:06
fe3b1cb8-5801-45cf-a66f-4f315a9f766c,whitener.gifts,available,36.99,36.99,medium,low,8,namesilo,,,24/09/2026 03:50
a79fd2a2-d09f-409e-b44f-fc4c0b65e173,choctaw.gifts,available,38.48,47.48,high,low,7,namecheap,,,02/10/2026 23:54
aea47a31-ab03-4c69-81a9-31e99f8c6980,hoagie.gifts,available,38.48,47.48,high,low,6,namecheap,,,24/09/2026 20:04
c489cba3-2f39-47d5-861c-4dfa6384f346,housekeeper.gifts,available,29.18,29.18,high,low,11,spaceship,,,28/09/2026 11:27
7002e3b5-a813-4b72-a9fb-ba88c486b81a,totals.gifts,available,38.48,47.48,medium,low,6,namecheap,,,20/09/2026 12:03
9ee81305-2430-4ae9-9fb0-39f4720fe1ed,pompon.gifts,available,36.99,36.99,medium,low,6,namesilo,,,19/09/2026 09:36
f4087152-0abf-4e84-932e-34bc277b5443,agonizing.gifts,available,14.99,46.99,medium,low,9,name.com,,,
24ecfcc4-5342-47fb-aa51-54039f47f039,seize.gifts,available,38.48,47.48,high,low,5,namecheap,,,23/09/2026 20:08
67c6e908-2b7f-4f08-8d4c-82af384c21e5,automatically.gifts,available,29.18,29.18,medium,low,13,spaceship,,,28/09/2026 07:07
d04c7b7f-6f34-4efd-864d-ac6c9b7e51fa,limbs.gifts,available,28.2,28.2,medium,low,5,cloudflare,,,29/09/2026 04:58
e4c60b5f-b488-41ee-80c0-555079c53f7f,histrionic.gifts,available,14.99,46.99,medium,low,10,name.com,,,21/08/2026 09:57
9eda5080-aaa2-479a-ab69-e7ad9e793328,chops.gifts,available,8.24,29.35,high,low,5,porkbun,,,30/09/2026 03:46
25680e46-c024-4415-8460-e2a0e3141f57,explaining.gifts,available,29.18,29.18,high,low,10,spaceship,,,27/09/2026 22:18
ae264307-7cfd-45d4-b441-f5f7652d7132,disorders.gifts,available,36.99,36.99,medium,low,9,namesilo,,,20/09/2026 00:40
a4f1fd70-fd12-4f5d-8dd6-114a83cdbefb,bilgewater.gifts,available,36.99,36.99,medium,low,10,namesilo,,,21/09/2026 23:46
f88f26d2-5fa7-4637-8035-d57e3384a40b,sars.gifts,available,28.2,28.2,medium,low,4,cloudflare,,,29/09/2026 20:17
902472c3-2ac3-41ce-871e-41775591b60d,accounting.gifts,available,29.18,29.18,high,low,10,spaceship,,,01/10/2026 17:54
a6256c17-f197-4558-9e41-314e2fe668d7,azygos.gifts,available,14.99,46.99,medium,low,6,name.com,,,08/08/2026 03:32
9f4bcc6f-6e34-47ce-b9bd-42d911e4ff6e,skill.gifts,available,8.24,29.35,high,medium,5,porkbun,,,28/09/2026 17:56
3193f675-002e-45c6-86e1-ed5dd73f9785,moonshine.gifts,available,14.99,46.99,high,low,9,name.com,,,10/08/2026 19:35
09fe5383-af29-4f11-beee-888103983216,stacked.gifts,available,14.99,46.99,high,low,7,name.com,,,10/08/2026 20:37
f6df1193-c8c9-4ce0-b657-1193051d9305,aeolus.gifts,available,36.99,36.99,medium,low,6,namesilo,,,17/09/2026 12:36
12029590-83e4-41f3-a2bb-36c2c39700e3,gooney.gifts,available,36.99,36.99,medium,low,6,namesilo,,,23/09/2026 23:44
c6035cde-a1ed-48ff-a7b9-43caff91ed6f,publications.gifts,premium,34.36,34.36,medium,low,12,spaceship,,,30/09/2026 15:38
af04cb5b-fa8f-4361-b388-63831caf2d37,replaced.gifts,available,36.99,36.99,medium,low,8,namesilo,,,27/09/2026 22:59
3cc96b9c-c3b9-47ef-8bc8-2028b571b258,chancel.gifts,available,36.99,36.99,high,low,7,namesilo,,,23/09/2026 07:13
074b86e1-b2eb-4343-a527-a244ede0878b,alimental.gifts,available,14.99,46.99,medium,low,9,name.com,,,
027672e7-09d6-42d0-b4b1-1ed772cc6612,albany.gifts,premium,78.54,78.54,high,low,6,namesilo,,,18/09/2026 02:27
f8e7e53f-6ab9-4bd4-b2f6-29a96039d084,rimmed.gifts,available,36.99,36.99,medium,low,6,namesilo,,,09/09/2026 17:45
b0121375-bf0c-4e57-9cac-a286b7d00af0,scrolls.gifts,available,8.24,30.18,medium,low,7,dynadot,,,30/09/2026 00:40
9b87a112-8862-4132-a0ca-20fc9ac528d9,confide.gifts,available,8.24,30.18,high,low,7,dynadot,,,30/09/2026 17:46
ff36c1a2-e0c7-4df6-acaa-ad29fe873b0e,ibrahim.gifts,available,36.99,36.99,high,low,7,namesilo,,,16/09/2026 16:51
c54ae001-e015-4342-b3ed-873991a80618,ghulam.gifts,available,28.2,28.2,medium,low,6,cloudflare,,,02/10/2026 19:09
d2cfd13e-371a-43d5-b8ff-fa819a3fe5ba,lock.gifts,available,29.18,29.18,high,low,4,spaceship,,,29/09/2026 23:33
6589304b-81c0-49fc-b27b-e5587d6bee53,editors.gifts,available,8.24,29.35,medium,low,7,porkbun,,,29/09/2026 17:03
aadbb677-ff47-492a-9aef-816bec8cff7b,adjacent.gifts,available,14.99,46.99,high,low,8,name.com,,,
56443312-f138-4bd4-af57-6717438e5e6e,respectfully.gifts,available,38.48,47.48,high,low,12,namecheap,,,01/10/2026 18:21
fc345dd5-72c9-4194-b502-e5f2c2c8af03,kitchen.gifts,resell,,,high,low,7,,,,30/09/2026 01:38
94d7a0aa-1114-4d6b-a990-dcf8442256c0,usb.gifts,premium,72.6,72.6,high,low,3,dynadot,,,28/09/2026 03:21
520db1b2-7264-4455-98b2-93e9f4ca7fdf,mathews.gifts,available,36.99,36.99,medium,low,7,namesilo,,,27/09/2026 01:56
5e4273c0-20ea-46e9-9488-d9de0d3a16c7,gardening.gifts,resell,,,high,low,9,,,,28/09/2026 14:15
2817eff9-8899-4936-a2e3-75ff4dcd6f29,drowsy.gifts,available,14.99,46.99,medium,low,6,name.com,,,14/08/2026 18:05
46275c58-45b5-45fb-be88-b82a7817fba6,ostensive.gifts,available,36.99,36.99,medium,low,9,namesilo,,,04/09/2026 18:31
757743b8-3f40-4f95-ba91-083742876efa,glorified.gifts,available,14.99,46.99,high,low,9,name.com,,,11/08/2026 17:29
277d8656-e25b-43b6-9bc8-3eabd1da0c84,imposition.gifts,available,36.99,36.99,medium,low,10,namesilo,,,02/10/2026 05:23
3a02aa07-6d17-470d-8d2e-0720be97e858,ethyne.gifts,available,36.99,36.99,medium,low,6,namesilo,,,17/09/2026 00:23
38a6ef22-c7d8-42e5-95e0-b593db65ee13,friendly.gifts,premium,78.54,78.54,high,low,8,namesilo,,,29/09/2026 08:43
e6800b2c-3f76-42c5-91d7-99aa7708ec8e,leaded.gifts,available,14.99,46.99,medium,low,6,name.com,,,22/08/2026 21:42
b8217223-c3d7-4673-89e8-b1ee5473b9ef,brilliantly.gifts,available,29.18,29.18,high,low,11,spaceship,,,29/09/2026 21:24
7797e288-c78e-4714-ac1f-425babf520d4,burnley.gifts,premium,68.51,68.51,medium,low,7,spaceship,,,29/09/2026 15:51
5424f2be-6c1e-40aa-aa06-2bf396d3414a,phillips.gifts,premium,85.8,85.8,high,low,8,namecheap,,,25/09/2026 18:30
882bb2bc-d736-4c86-8691-3ebfb0c1f784,talladega.gifts,available,8.24,29.35,medium,low,9,porkbun,,,29/09/2026 22:45
cc992944-0a7c-468b-bed9-9bdcbe8f4b28,tabloid.gifts,available,28.2,28.2,high,low,7,cloudflare,,,01/10/2026 03:59
b26500a8-6817-4f94-a29d-2277cfa41346,krakow.gifts,available,8.24,30.18,high,low,6,dynadot,,,01/10/2026 01:37
9102a569-2cb6-4654-b8fb-b7b5304c32fa,corrupt.gifts,available,38.48,47.48,high,low,7,namecheap,,,23/09/2026 23:53
b7039306-edc0-4d4a-9f2a-2f17f52cee36,dylan.gifts,available,36.99,36.99,high,low,5,namesilo,,,25/09/2026 00:22
856cc270-d6fe-4e66-8fff-4a9968a7f278,espionage.gifts,available,36.99,36.99,high,low,9,namesilo,,,29/09/2026 06:49
4aaa84f1-3e4f-457f-b63b-6cbd4ad76692,isu.gifts,available,28.2,28.2,high,low,3,cloudflare,,,29/09/2026 21:42
57af443b-dff5-4b76-871f-a648edcbddd5,aging.gifts,available,36.99,36.99,high,low,5,namesilo,,,21/09/2026 22:40
7b2f6cbf-7a80-4b55-bda9-4593aa96eeca,rossbach.gifts,available,36.99,36.99,medium,low,8,namesilo,,,22/09/2026 15:54
13bef5e6-ab4a-46f2-8e48-d3e2377e8ddf,typography.gifts,available,29.18,29.18,high,low,10,spaceship,,,30/09/2026 11:13
64af59ac-17fc-44ed-8400-e8acfdb00c5b,lyttelton.gifts,available,29.18,29.18,medium,low,9,spaceship,,,02/10/2026 01:07
0368bc3f-a0f6-4828-b99a-6bd9a7034927,sperry.gifts,available,36.99,36.99,medium,low,6,namesilo,,,29/09/2026 00:47
ab0a670c-c3ae-4df9-af91-941d0a86f672,syncope.gifts,available,14.99,46.99,medium,low,7,name.com,,,17/08/2026 21:05
0ab1cf59-ea89-41a3-b0c8-bc91f57b3314,sandhopper.gifts,available,36.99,36.99,medium,low,10,namesilo,,,22/09/2026 18:44
aa163ffb-0b31-40b4-8a72-8becfb7c987f,gingerbread.gifts,available,9.99,,high,low,11,name.com,,,
3feaf1c4-eb12-4130-867e-395745cb4b76,rotation.gifts,available,29.18,29.18,high,low,8,spaceship,,,29/09/2026 21:53
6d10b1a7-3d27-4bec-81b5-5485fca7965b,pupil.gifts,available,29.18,29.18,high,low,5,spaceship,,,28/09/2026 09:33
a23ef87b-06e1-4863-b649-66cefd706b3e,landlady.gifts,available,29.18,29.18,high,low,8,spaceship,,,02/10/2026 05:34
8f0aea0d-c851-47a1-a956-a5af97513a2f,bilirubin.gifts,available,36.99,36.99,medium,low,9,namesilo,,,23/09/2026 15:56
0d9c6b3f-5e0f-4f55-8347-e74b9817ef63,saloons.gifts,available,38.48,47.48,medium,low,7,namecheap,,,19/09/2026 22:32
b229bbfb-7c89-4d2d-972d-dd5988ae8486,chipper.gifts,available,14.99,46.99,high,low,7,name.com,,,12/08/2026 05:56
e7db97cb-cad4-407f-b376-13b6cef81ce7,lateral.gifts,available,14.99,46.99,high,low,7,name.com,,,22/08/2026 20:34
b3bd7c7c-dc68-4c64-932f-ab17a3299018,godmother.gifts,available,29.18,29.18,high,low,9,spaceship,,,01/10/2026 19:50
d2a754c2-5649-414a-b217-69bcf4f17127,cows.gifts,available,36.99,36.99,high,low,4,namesilo,,,29/09/2026 03:44
e633bcf3-c70c-42ce-bd4f-ed4624f3bade,parisian.gifts,available,36.99,36.99,high,low,8,namesilo,,,08/09/2026 01:34
a6cf4a67-eddf-4091-a807-4fa5151d5850,analyse.gifts,available,29.18,29.18,high,low,7,spaceship,,,02/10/2026 16:51
5ae7a04c-a661-4bd4-a44a-7adab0f646a1,builders.gifts,premium,68.51,68.51,high,low,8,spaceship,,,01/10/2026 18:19
aeb7b905-de2c-4dba-ba2d-8542411fb7a5,gordon.gifts,available,36.99,36.99,high,low,6,namesilo,,,25/09/2026 11:43
225a2c8c-f312-4a9c-8e9d-84c63af2c62e,vestigial.gifts,available,14.99,46.99,medium,low,9,name.com,,,13/09/2026 04:54
39ad4cf2-8186-4a81-9fa4-c0c62278b191,pedal.gifts,available,36.99,36.99,high,low,5,namesilo,,,08/09/2026 12:17
d0d99755-172f-4e44-b2e0-d6834ace7323,ces.gifts,premium,38.94,38.94,high,low,3,namesilo,,,29/09/2026 03:52
70cdded0-c66e-43d2-bfe0-c5c9422699b3,bowen.gifts,available,36.99,36.99,medium,low,5,namesilo,,,25/09/2026 12:42
5d08fac8-81d9-40bd-97ab-99493f259cb6,concrete.gifts,available,38.48,47.48,high,low,8,namecheap,,,23/09/2026 19:16
4a81b1e8-7a9a-4c61-ba0a-5f90b32475e2,going.gifts,available,36.99,36.99,high,low,5,namesilo,,,24/09/2026 22:35
0ecec998-27e9-4bb5-a6e4-bb0423073ae5,vermeer.gifts,available,36.99,36.99,high,low,7,namesilo,,,03/10/2026 01:21
c30ea574-b314-4cf3-8ed5-60d14c982f93,chp.gifts,available,36.99,36.99,medium,low,3,namesilo,,,01/10/2026 01:06
b1d16c8e-4804-4bbd-8ec0-51ce9d97ab30,ovular.gifts,available,36.99,36.99,medium,low,6,namesilo,,,04/09/2026 22:12
6b7fe8f2-3a45-4287-8910-f2edeae2421f,russia.gifts,premium,85.8,85.8,high,medium,6,namecheap,,,30/09/2026 10:26
8941210f-f363-4495-9306-16599ee89146,latakia.gifts,available,36.99,36.99,medium,low,7,namesilo,,,18/09/2026 01:28
0396200a-860d-43f1-8431-7005b31bab0c,defended.gifts,available,36.99,36.99,low,low,8,namesilo,,,29/09/2026 05:23
ad06183b-0852-4771-b63f-31b307a197c0,racial.gifts,available,36.99,36.99,high,low,6,namesilo,,,09/09/2026 09:19
6d990f94-ed18-4e88-bf1c-6a0d467176de,fastest.gifts,available,38.48,47.48,high,low,7,namecheap,,,14/09/2026 17:49
c67a5e5e-de6f-4932-87ef-52cd13509661,condo.gifts,available,36.99,36.99,high,low,5,namesilo,,,29/09/2026 10:41
613bc06b-d3ae-46fe-a655-abb398d5dc6d,contributed.gifts,available,29.18,29.18,medium,low,11,spaceship,,,29/09/2026 17:13
758167d2-b329-48a6-8578-07f70c388442,several.gifts,available,28.2,28.2,high,low,7,cloudflare,,,02/10/2026 03:07
bb72e302-3319-4d15-9b72-d590bfabb8c8,boxy.gifts,available,14.99,46.99,medium,low,4,name.com,,,10/08/2026 23:58
5291db99-6fd7-40df-a8b0-79728cb436b8,sexiness.gifts,available,38.48,47.48,high,low,8,namecheap,,,18/09/2026 16:14
5ba18029-a08a-431e-8ac9-6e9a709e9542,philistine.gifts,available,14.99,46.99,medium,low,10,name.com,,,
448f17f4-3e7c-4937-b0f4-4ba6ff0870d3,crater.gifts,available,29.18,29.18,medium,low,6,spaceship,,,29/09/2026 06:27
cac46212-97b3-406d-aabf-4c265d1fdffc,appears.gifts,available,38.48,47.48,medium,low,7,namecheap,,,25/09/2026 20:18
88fcc13e-9e20-47d8-bec9-d636b55e4676,richland.gifts,available,8.24,30.18,medium,low,8,dynadot,,,28/09/2026 08:10
cf409456-409b-4ab0-9a1a-160669ac265e,villain.gifts,available,36.99,36.99,high,low,7,namesilo,,,21/09/2026 16:58
1e8466c3-9e20-44cc-9151-2be9a2a412b3,equipping.gifts,available,36.99,36.99,medium,low,9,namesilo,,,20/09/2026 07:13
8f2fc208-edf8-415a-a06e-ebb33ad229fc,thundering.gifts,available,36.99,36.99,high,low,10,namesilo,,,11/09/2026 15:14
bdc5257e-b32a-4d6e-b4d1-045f21602d52,allure.gifts,available,36.99,36.99,high,low,6,namesilo,,,18/09/2026 12:11
d715da21-a888-4a16-9cee-720f1d9d3817,daring.gifts,available,14.99,46.99,high,low,6,name.com,,,07/08/2026 21:39
0d626dd9-bea9-41f3-bbd0-e7dbe90d08ee,nauseating.gifts,available,14.99,46.99,medium,low,10,name.com,,,24/08/2026 08:23
e86eefca-a28b-4610-acd6-e5f169970ceb,extinction.gifts,available,29.18,29.18,high,low,10,spaceship,,,29/09/2026 13:38
ed875e31-1198-4f08-a57c-c5de03fd8026,conductor.gifts,available,29.18,29.18,high,low,9,spaceship,,,29/09/2026 10:48
99adea0b-7bc0-4482-9c4f-d7c5b24afd8e,cottage.gifts,premium,38.94,38.94,high,low,7,namesilo,,,24/09/2026 11:16
05229f04-a173-461b-88e0-52a64e85433f,comanche.gifts,available,38.48,47.48,high,low,8,namecheap,,,02/10/2026 14:43
644dd115-7bfd-4378-a948-c6b6398804e9,biretta.gifts,available,36.99,36.99,medium,low,7,namesilo,,,23/09/2026 10:06
010e38fe-09be-4fb5-9c60-202c64932938,squarish.gifts,available,36.99,36.99,medium,low,8,namesilo,,,10/09/2026 17:29
adbe6590-13ad-4022-9d52-ffdd3673bbc6,clemson.gifts,available,36.99,36.99,high,low,7,namesilo,,,27/09/2026 07:07
0eb62377-3af7-47c2-972b-40379e114a42,through.gifts,available,36.99,36.99,high,low,7,namesilo,,,24/09/2026 11:40
11f0a43d-59e9-45be-9b24-0c1dc9de29a5,austen.gifts,available,38.48,47.48,high,low,6,namecheap,,,21/09/2026 04:37
dce7e39f-5962-433c-bef3-6f8b722973ee,thursday.gifts,available,36.99,36.99,high,low,8,namesilo,,,30/09/2026 13:11
4fffc8d3-a6f3-4819-918e-dbedb596dded,solely.gifts,available,14.99,46.99,high,low,6,name.com,,,
654133fd-caf0-4c1a-bed2-b8a0a407a053,deptford.gifts,available,36.99,36.99,medium,low,8,namesilo,,,02/10/2026 10:48
71b7a8ae-386f-4a7c-8f17-94a9458fdafb,hypocritical.gifts,available,29.18,29.18,medium,low,12,spaceship,,,02/10/2026 17:38
1d115cc2-5f06-4384-9d10-b482342e9cba,hons.gifts,available,8.24,30.18,medium,low,4,dynadot,,,01/10/2026 15:47
ec36ce2c-3277-450f-8fad-71928a8d3337,analyst.gifts,available,36.99,36.99,high,low,7,namesilo,,,02/10/2026 11:14
c2d1c827-f720-40f6-8e6e-13e5c2b7c74f,exons.gifts,available,8.24,30.18,medium,low,5,dynadot,,,02/10/2026 13:35
269042c0-d980-4388-a1f9-d0276e7a2468,overheated.gifts,available,36.99,36.99,high,low,10,namesilo,,,04/09/2026 20:47
9a0b4a19-386f-4721-992e-2192eb0516be,collectively.gifts,available,29.18,29.18,medium,low,12,spaceship,,,30/09/2026 05:47
e116a23c-9e28-419a-9a87-613eee33ce8b,salix.gifts,available,36.99,36.99,high,low,5,namesilo,,,30/09/2026 17:27
8ebe557b-c1e4-4fac-9422-a40781d7e448,rented.gifts,available,36.99,36.99,medium,low,6,namesilo,,,17/09/2026 18:45
88253ed2-7348-4857-99be-d9f34047508f,academics.gifts,available,29.18,29.18,high,low,9,spaceship,,,01/10/2026 03:36
4e728828-5b28-4c63-99ce-738f5df620aa,gravitational.gifts,available,29.18,29.18,medium,low,13,spaceship,,,29/09/2026 10:18
77246c3c-daf3-403f-b1f7-37c2bc47e15e,gerald.gifts,available,28.2,28.2,high,low,6,cloudflare,,,28/09/2026 13:18
8077fd6b-5b1a-487b-89b8-a6c36abbc074,awake.gifts,available,36.99,36.99,high,low,5,namesilo,,,22/09/2026 14:37
dcd1093b-90fb-492c-888c-83bd1bbc610d,irs.gifts,available,29.18,29.18,high,low,3,spaceship,,,03/10/2026 01:19
53443dcd-4a42-40c8-9fe8-add4feab89ce,hardened.gifts,available,14.99,46.99,high,low,8,name.com,,,11/08/2026 20:01
c46fc9c1-b614-4cde-bdea-2ad39a8c903b,orgy.gifts,available,36.99,36.99,medium,low,4,namesilo,,,23/09/2026 17:17
9828246c-011b-4335-97aa-1e471a8c20be,hamster.gifts,available,28.2,28.2,high,low,7,cloudflare,,,01/10/2026 02:24
13b1f630-9adb-49b0-a4ab-5934bd9c8447,smartly.gifts,available,8.24,29.35,high,low,7,porkbun,,,28/09/2026 13:57
650eeb48-1c57-4007-a656-73eb7a98f3f5,blunted.gifts,available,14.99,46.99,medium,low,7,name.com,,,10/08/2026 16:17
6c256905-0ecb-4edf-89d1-b10fc7f10edf,shh.gifts,available,38.48,47.48,high,low,3,namecheap,,,01/10/2026 02:14
38298c44-c9c7-4ae3-adf6-5a1c85b1ddaa,sarajevo.gifts,available,29.18,29.18,high,low,8,spaceship,,,28/09/2026 06:43
1d463075-43dc-4358-8aec-d3e502a3b01c,instyle.gifts,available,38.48,47.48,high,low,8,namecheap,,,17/09/2026 05:05
4634ea59-bd8f-4e2d-bbf0-47ad7d50cbaf,earthbound.gifts,available,14.99,46.99,medium,low,10,name.com,,,14/08/2026 22:37
12e7ec07-dde0-422c-a691-9ab749f01dc7,rest.gifts,premium,85.8,85.8,high,low,4,namecheap,,,27/09/2026 12:11
96525d3a-27f7-412b-a98e-82a33705515d,ohio.gifts,premium,242,242,high,low,4,namesilo,,,29/09/2026 04:57
d7152f30-c520-4fec-8b01-cadebf707f41,tends.gifts,available,28.2,28.2,medium,low,5,cloudflare,,,29/09/2026 04:58
803ca9a0-0d11-4c7d-985f-a0463b84b3f5,recognise.gifts,available,36.99,36.99,high,low,9,namesilo,,,28/09/2026 06:55
b11a9c0d-55ed-4cc7-ba46-ca56398d1cdc,compulsory.gifts,available,38.48,47.48,high,low,10,namecheap,,,23/09/2026 18:17
b90dfd5b-bf1d-4faf-95b1-a02c4b7dfeff,rms.gifts,available,28.2,28.2,high,low,3,cloudflare,,,28/09/2026 04:52
4ccac129-91cb-4907-9650-343dc79e17a4,ovarian.gifts,available,14.99,46.99,medium,low,7,name.com,,,04/09/2026 19:55
3e76af73-a667-40f2-8269-d176b13f351c,sorbed.gifts,available,36.99,36.99,medium,low,6,namesilo,,,10/09/2026 14:27
9f178b94-294f-4209-aed8-9dbaea6ae7ae,convincing.gifts,available,36.99,36.99,high,low,10,namesilo,,,23/09/2026 22:56
185b80a3-1ee3-43fb-8cf0-91d8c983e418,nicolson.gifts,available,29.18,29.18,medium,low,8,spaceship,,,01/10/2026 02:25
5c243672-8706-41a0-b736-b950ae98f74c,prior.gifts,available,36.99,36.99,high,low,5,namesilo,,,27/09/2026 06:07
df512a4c-2dd8-4d32-94ed-00066765f9be,piggy.gifts,available,14.99,46.99,high,low,5,name.com,,,21/08/2026 10:19
1d49434c-635d-40aa-b824-c74ab32d9815,stew.gifts,available,38.48,47.48,medium,low,4,namecheap,,,28/09/2026 09:50
7d1e5305-a8c7-4b09-bf90-fd47ca65a205,fortress.gifts,available,29.18,29.18,high,low,8,spaceship,,,28/09/2026 05:46
403ef44d-b937-49f6-b47e-82266b9473a8,plentiful.gifts,available,36.99,36.99,high,low,9,namesilo,,,27/09/2026 04:16
de3d3e86-7d98-4a6a-a0da-842a90b20e09,overfond.gifts,available,36.99,36.99,medium,low,8,namesilo,,,04/09/2026 20:35
eb383e54-aaf3-44ef-b403-68d4f12d5998,sams.gifts,available,29.18,29.18,high,low,4,spaceship,,,01/10/2026 10:29
4ae807c0-3f31-469a-999b-147ae38aeeaa,bucks.gifts,available,36.99,36.99,high,low,5,namesilo,,,25/09/2026 13:26
3c33b0a0-cdb5-4d59-a827-fd2d8a702a37,overdose.gifts,available,38.48,47.48,medium,low,8,namecheap,,,29/09/2026 02:45
e0cc7cb4-70e8-4920-bf10-fc29ba23c615,jacques.gifts,available,36.99,36.99,high,low,7,namesilo,,,25/09/2026 13:47
0dec1f53-f87c-4cf7-b3f5-2eb13003d26f,exulting.gifts,available,14.99,46.99,high,low,8,name.com,,,17/08/2026 19:44
d90333a8-cd7d-4f2b-894d-c612eb2e36d3,doob.gifts,available,38.48,47.48,medium,low,4,namecheap,,,21/09/2026 18:37
3ecf3926-a83c-4e7c-adb9-11d676716fee,shouted.gifts,available,29.18,29.18,high,low,7,spaceship,,,27/09/2026 21:20
5c745e46-0d8c-44f4-b9e5-efa5d3effd6e,omnivorous.gifts,available,36.99,36.99,medium,low,10,namesilo,,,04/09/2026 13:56
a11b4150-88b0-46ed-ac4d-67cf9e6fb9de,omsk.gifts,available,8.24,30.18,medium,low,4,dynadot,,,02/10/2026 16:15
62f86fc1-d9f4-4273-b941-f4e52f54fdfe,dealings.gifts,available,28.2,28.2,high,low,8,cloudflare,,,29/09/2026 18:35
4f0fd429-e66d-4fc3-ace1-77d823051c4e,vaporous.gifts,available,14.99,46.99,medium,low,8,name.com,,,12/08/2026 14:34
65116eea-21c5-4ecf-8468-1c0ee03b291d,sneak.gifts,available,36.99,36.99,high,low,5,namesilo,,,23/09/2026 12:44
0c0c4de3-817c-4729-b1c3-89edc776c8fe,profiled.gifts,available,38.48,47.48,medium,low,8,namecheap,,,21/09/2026 10:04
f3b54263-fb5b-4f69-ad3d-68a9d484ccc7,communion.gifts,premium,207.2,207.2,medium,low,9,spaceship,,,29/09/2026 00:28
ea560d31-163c-4445-bf0d-79efbd429807,sites.gifts,available,38.48,47.48,high,low,5,namecheap,,,18/09/2026 21:00
53f9dca5-d6b2-4f1d-8612-4272469bb83f,nonsuch.gifts,available,14.99,46.99,medium,low,7,name.com,,,03/09/2026 20:15
1dab6732-9b3f-401d-bf28-838b95d6e7bc,mountaineer.gifts,available,29.18,29.18,high,low,11,spaceship,,,30/09/2026 19:54
07ee6b55-90ab-4c5a-b6d8-126ff7203947,smartphones.gifts,available,36.99,36.99,high,low,11,namesilo,,,30/09/2026 07:44
0e3fbe4f-1e9a-4f27-baf0-c635c363be1a,cocteau.gifts,available,36.99,36.99,medium,low,7,namesilo,,,02/10/2026 14:42
fcd97b1a-5d1a-49fa-9d04-f48326492c0d,dicey.gifts,available,14.99,46.99,medium,low,5,name.com,,,12/08/2026 01:44
a982e418-22e3-4ecb-b392-b5bc6de70614,waterville.gifts,available,28.2,28.2,medium,low,10,cloudflare,,,01/10/2026 12:40
f7a38022-126d-4550-94e5-0eba84f56b05,matty.gifts,available,36.99,36.99,medium,low,5,namesilo,,,01/10/2026 23:18
e2cde277-4094-4066-bcd3-318cffc5d883,spectacles.gifts,available,29.18,29.18,high,low,10,spaceship,,,02/10/2026 04:47
2ba9936d-3f29-4952-9407-ee8cc45dd387,leasing.gifts,available,8.24,30.18,high,low,7,dynadot,,,01/10/2026 23:15
f65fb30b-043e-4bae-93f8-cf8047df5029,allegedly.gifts,available,14.99,46.99,medium,low,9,name.com,,,13/09/2026 19:04
07780b70-0b6b-4b98-99ed-d6ffd08e3090,handgun.gifts,available,8.24,30.18,high,low,7,dynadot,,,01/10/2026 19:54
77c60fd7-0f19-4bf3-bf4a-4282d45155d8,homework.gifts,available,28.2,28.2,high,low,8,cloudflare,,,28/09/2026 06:00
58aefcd7-8f55-474f-a286-0c496e5ca89d,astral.gifts,available,14.99,46.99,high,low,6,name.com,,,07/08/2026 09:57
77ae09e5-9484-4f0d-b4aa-2048b833e11a,gaur.gifts,available,36.99,36.99,medium,low,4,namesilo,,,23/09/2026 13:04
f2500184-699e-40c3-a6c0-b2040472684d,bernoulli.gifts,available,36.99,36.99,medium,low,9,namesilo,,,23/09/2026 09:57
dd28f5d4-a241-45d5-a27f-eee2cc65037f,hydrous.gifts,available,14.99,46.99,medium,low,7,name.com,,,21/08/2026 16:14
95bbb983-afa3-4f6d-843a-84beb487f4aa,loquacious.gifts,available,14.99,46.99,medium,low,10,name.com,,,12/08/2026 03:22
16398af9-16ae-454e-a3db-67ff420bfdba,apia.gifts,available,36.99,36.99,medium,low,4,namesilo,,,19/09/2026 17:18
7f12fe9a-3688-4d28-a7c4-ec3929d99ff0,reception.gifts,available,29.18,29.18,high,low,9,spaceship,,,30/09/2026 09:14
44e4d575-6e72-4a0c-8f42-429b749bb7a0,bemused.gifts,available,14.99,46.99,medium,low,7,name.com,,,07/08/2026 11:47
df3e4c2c-ba49-4bf6-afcd-b9275c82a596,bandstand.gifts,available,36.99,36.99,high,low,9,namesilo,,,22/09/2026 01:32
d8c834c1-2d5c-498d-9ce2-e064d35555f0,cove.gifts,available,38.48,47.48,high,low,4,namecheap,,,24/09/2026 18:51
2c412582-22b3-4aa4-8202-d0118d208e34,schiller.gifts,available,36.99,36.99,high,low,8,namesilo,,,02/10/2026 05:31
c81772bc-6e9c-419b-907c-9159e49e150a,jeweled.gifts,available,14.99,46.99,high,low,7,name.com,,,18/08/2026 21:10
9565e993-2589-476d-a1bd-067a8bb438ad,berk.gifts,available,36.99,36.99,medium,low,4,namesilo,,,23/09/2026 09:31
9bcb2305-6094-4bdc-99fc-80ef7f53bf37,detached.gifts,available,36.99,36.99,medium,low,8,namesilo,,,24/09/2026 07:07
39043bab-4b01-4d1f-a8fe-3956e06f1e60,obscured.gifts,available,29.18,29.18,medium,low,8,spaceship,,,02/10/2026 18:07
10134d5b-7255-473d-a19e-610029976239,amicably.gifts,available,38.48,47.48,medium,low,8,namecheap,,,13/09/2026 19:29
40e25ede-d4e6-4758-b861-86ad755c7a54,applique.gifts,available,38.48,47.48,medium,low,8,namecheap,,,19/09/2026 21:57
1c2521e2-ebe3-4405-830e-37f887ef6a8b,patna.gifts,available,36.99,36.99,medium,low,5,namesilo,,,30/09/2026 20:46
baa02014-d206-471f-aadd-f1a8d0279574,mackie.gifts,available,29.18,29.18,medium,low,6,spaceship,,,30/09/2026 05:44
86956aaf-f53c-4e9c-8c06-228cf871d5ca,vientiane.gifts,available,8.24,29.35,medium,low,9,porkbun,,,01/10/2026 01:16
70b36eb0-fdcc-4e22-9bbf-f195290a0154,scripts.gifts,available,29.18,29.18,medium,low,7,spaceship,,,29/09/2026 05:41
95602566-7790-4d55-a7a5-56206038258a,imagined.gifts,available,36.99,36.99,high,low,8,namesilo,,,27/09/2026 09:43
34197c56-75b4-4c29-8bac-0fa9822d8adc,house.gifts,premium,500,500,high,medium,5,name.com,,,24/09/2026 18:37
0782463e-3c19-48cb-acd3-120bb3585bab,lame.gifts,available,14.99,46.99,high,low,4,name.com,,,13/08/2026 07:03
c23e503d-4e45-4475-abcc-d1266fda604b,guarneri.gifts,available,36.99,36.99,medium,low,8,namesilo,,,19/09/2026 04:22
bc71d625-3644-406d-a2d7-22203d2b5325,multilevel.gifts,available,36.99,36.99,medium,low,10,namesilo,,,03/09/2026 10:46
d98f83b6-f352-4a6e-acd1-74c18c709ef7,burgundy.gifts,available,29.18,29.18,high,low,8,spaceship,,,29/09/2026 06:09
867a03f0-a0a5-4b0c-b912-350c453c9539,microfilm.gifts,available,8.24,29.35,high,low,9,porkbun,,,02/10/2026 16:06
0cccb83a-2811-41e3-b965-29db873d4819,ataturk.gifts,available,36.99,36.99,high,low,7,namesilo,,,20/09/2026 19:44
fe041c7c-d90f-40ad-96d1-4eb4bb6ba22b,sensuous.gifts,premium,78.54,78.54,high,low,8,namesilo,,,10/09/2026 03:48
43a2f803-e2d1-4fc5-a0a5-f8e5c1efd9eb,shivaree.gifts,available,36.99,36.99,medium,low,8,namesilo,,,23/09/2026 06:07
0fed5711-6355-4bd5-812c-a942afa95f8e,acting.gifts,available,36.99,36.99,high,low,6,namesilo,,,21/09/2026 16:22
5373b6a8-bca5-45be-a158-31b37fd462c4,faint.gifts,available,14.99,46.99,high,low,5,name.com,,,17/08/2026 21:01
78d59285-cea6-444e-9c77-417cf6b8c4de,sentencing.gifts,available,36.99,36.99,high,low,10,namesilo,,,29/09/2026 23:41
3796c156-0ab5-4ca1-945a-0e9a7af3a6eb,waste.gifts,available,36.99,36.99,high,low,5,namesilo,,,22/09/2026 17:29
8218fc95-463f-45de-9dd5-c06cf52a0d0d,thb.gifts,available,36.99,36.99,high,low,3,namesilo,,,21/09/2026 14:19
5c6c395f-6d56-44b2-b8a4-a4df4925c2c4,varanasi.gifts,available,36.99,36.99,medium,low,8,namesilo,,,02/10/2026 09:36
0fe6a3c3-3c8e-49bf-80c3-69015fc7332a,palestinians.gifts,available,36.99,36.99,medium,low,12,namesilo,,,02/10/2026 13:19
251e66a7-d9bb-46db-812e-d7470a0687cc,yuri.gifts,available,38.48,47.48,high,low,4,namecheap,,,28/09/2026 07:44
cdece197-a2ae-4ebf-b0ca-856a164c719c,guangxi.gifts,available,28.2,28.2,medium,low,7,cloudflare,,,30/09/2026 21:15
bcb8d9a2-bda2-40db-8935-1c5a336d46ec,arboreous.gifts,available,14.99,46.99,medium,low,9,name.com,,,06/08/2026 12:59
a5435243-4025-473e-b1ad-c4790bc8bc52,noise.gifts,available,36.99,36.99,high,low,5,namesilo,,,29/09/2026 22:07
9a80bd0d-8dc7-440a-9b54-525e142a3adc,barkley.gifts,available,38.48,47.48,high,low,7,namecheap,,,18/09/2026 02:32
6e6bd9ef-91be-4259-95c7-cc53be9410b3,winston.gifts,available,36.99,36.99,high,low,7,namesilo,,,25/09/2026 14:24
aaedb170-010f-4038-b401-90acf28d5fb2,founding.gifts,available,8.24,30.18,high,low,8,dynadot,,,29/09/2026 18:56
11ff22d8-3cf4-4e97-8d30-6270c6088757,fda.gifts,available,38.48,47.48,high,low,3,namecheap,,,25/09/2026 05:55
c8cc14fc-5acc-42f8-bea8-2bbd60ac1453,soldier.gifts,available,36.99,36.99,high,low,7,namesilo,,,30/09/2026 11:28
9dad4366-8b11-4635-8851-1328880dd12a,beaked.gifts,available,14.99,46.99,medium,low,6,name.com,,,09/08/2026 03:50
b6f60498-0eb3-4422-b982-7d3386976e7d,mentally.gifts,available,14.99,46.99,medium,low,8,name.com,,,15/09/2026 14:13
5bac61a6-6694-45f5-a23d-7cb4453f24a0,patented.gifts,available,36.99,36.99,high,low,8,namesilo,,,08/09/2026 10:24
ed7b041d-a666-4466-b523-d9c62a2f33be,chewable.gifts,available,14.99,46.99,medium,low,8,name.com,,,12/08/2026 04:28
187a3293-7415-4e28-b8e2-b8c0f8fabc6d,canonical.gifts,available,14.99,46.99,high,low,9,name.com,,,11/08/2026 17:23
86c8f528-b4bc-4fdf-be90-4fdf51337ac4,hungerford.gifts,available,38.48,47.48,medium,low,10,namecheap,,,30/09/2026 15:42
54cdbd14-8ca9-4a60-8ac0-0531241bd923,rummy.gifts,available,14.99,46.99,high,low,5,name.com,,,13/08/2026 11:16
a4cb49a8-caed-4f93-913f-3b2acc8f6dcd,microwave.gifts,available,28.2,28.2,high,low,9,cloudflare,,,30/09/2026 04:20
64563306-0478-48b2-85f2-a483f065e342,humid.gifts,available,14.99,46.99,high,low,5,name.com,,,21/08/2026 15:17
a50952b9-cfea-4215-97b1-123a5bb4e28b,tsa.gifts,available,28.2,28.2,high,low,3,cloudflare,,,30/09/2026 19:01
352532f1-ada2-44ab-8339-606aef16b5c1,amino.gifts,available,14.99,46.99,high,low,5,name.com,,,
dba0a21e-2400-46cc-bb75-6d6ea4768e8a,stigma.gifts,available,36.99,36.99,high,low,6,namesilo,,,30/09/2026 18:51
bd686f97-bebf-4f42-bf07-b57bd614c400,uncaring.gifts,available,36.99,36.99,medium,low,8,namesilo,,,12/09/2026 00:02
ae5da76c-edab-485f-9d93-75af7c2cc92b,rentable.gifts,available,36.99,36.99,high,low,8,namesilo,,,09/09/2026 14:16
c5e45e97-ae5b-43a4-bed3-aa03aa52c021,slade.gifts,available,29.18,29.18,medium,low,5,spaceship,,,30/09/2026 04:19
6a509e22-c40d-4f52-bbec-02e07f9b2c46,instructed.gifts,available,36.99,36.99,medium,low,10,namesilo,,,28/09/2026 04:56
ca7ed94f-e781-44ae-9fb2-fa8d3972dcfd,exaggeration.gifts,available,8.24,29.35,medium,low,12,porkbun,,,02/10/2026 01:28
0b4aa363-22c9-4c63-a518-afd064b83ad7,germy.gifts,available,14.99,46.99,medium,low,5,name.com,,,18/08/2026 22:53
ff5b921f-6ffd-401b-8699-91d3af0684c4,anthyllis.gifts,available,38.48,47.48,medium,low,9,namecheap,,,19/09/2026 14:04
4f81170d-405f-4487-8e01-5c7e77b45a4b,animated.gifts,available,36.99,36.99,high,low,8,namesilo,,,22/09/2026 05:00
f5126b64-993a-4bb4-a929-a08ac1c8855b,figurative.gifts,available,36.99,36.99,medium,low,10,namesilo,,,19/09/2026 14:22
ba838b25-4e68-4634-8c54-862a0c26bef7,focussed.gifts,available,14.99,46.99,high,low,8,name.com,,,18/08/2026 09:47
57fce36e-873c-4d92-9790-0866632fe1c6,undesigned.gifts,available,14.99,46.99,medium,low,10,name.com,,,12/09/2026 07:46
83b60785-b147-47c7-af5e-b9f897474ec2,pleas.gifts,available,8.24,30.18,low,low,5,dynadot,,,02/10/2026 23:14
9aff461f-a853-4812-b517-7608804eae55,avoidance.gifts,available,36.99,36.99,medium,low,9,namesilo,,,21/09/2026 09:49
e78d8b34-5cdb-48e1-8827-6042da713069,sword.gifts,available,36.99,36.99,high,low,5,namesilo,,,25/09/2026 10:46
93fc8786-3a03-491a-aaa7-6317e9f57b2a,substrates.gifts,available,36.99,36.99,medium,low,10,namesilo,,,25/09/2026 21:45
4ca8321e-d148-4564-89cc-4160ca5abd27,steamer.gifts,available,29.18,29.18,high,low,7,spaceship,,,29/09/2026 07:29
fae95157-9680-41aa-a5b7-9d8cc1f1419e,healthier.gifts,available,38.48,47.48,high,low,9,namecheap,,,24/09/2026 19:03
1c437aa8-d768-4259-9d6c-4478d61172ba,alderfly.gifts,available,36.99,36.99,medium,low,8,namesilo,,,18/09/2026 04:32
3734f8b7-b5c9-4994-8c25-e7f6a5d6ade4,hog.gifts,premium,78.54,78.54,high,low,3,namesilo,,,28/09/2026 10:04
8dab6d3f-fe3d-48e2-86d2-8e82f2854fb5,west.gifts,available,29.18,29.18,high,low,4,spaceship,,,28/09/2026 10:23
35b36f1c-a4c4-4d91-bba8-c1ee992b68b6,faction.gifts,available,28.2,28.2,high,low,7,cloudflare,,,30/09/2026 08:52
54f0913d-c1ee-4e28-9cea-79ec580b3870,lowlife.gifts,available,14.99,46.99,medium,low,7,name.com,,,11/08/2026 09:22
e2c01326-373d-412a-b237-c67ebdfcaf36,experimenting.gifts,available,36.99,36.99,high,low,13,namesilo,,,29/09/2026 08:49
1c10caba-7d96-4a42-a67f-136023edcfb9,buchan.gifts,available,38.48,47.48,medium,low,6,namecheap,,,30/09/2026 13:55
456b3a6d-1a46-411d-82f8-8e0ff5c0d660,infectious.gifts,available,14.99,46.99,medium,low,10,name.com,,,22/08/2026 04:12
d183ffc4-00d0-41f0-81b9-5cd36e8dcdc0,benighted.gifts,available,36.99,36.99,low,low,9,namesilo,,,08/09/2026 09:10
89e5485e-a4be-42fc-a324-0597d826962e,correlation.gifts,available,36.99,36.99,high,low,11,namesilo,,,30/09/2026 22:57
651ad1c4-57a1-4c58-b56f-ee2b965de606,arithmancy.gifts,available,36.99,36.99,medium,low,10,namesilo,,,20/09/2026 06:00
7837cf6c-20aa-4ef3-b389-aacffb4940f2,thuringia.gifts,available,8.24,30.18,medium,low,9,dynadot,,,30/09/2026 03:01
200539cd-ddf2-4315-a9b9-9984d1d3b6d3,farewell.gifts,premium,34.36,34.36,high,low,8,spaceship,,,28/09/2026 01:53
db157eab-3778-4a69-879a-a6c713da3144,bivalent.gifts,available,14.99,46.99,high,low,8,name.com,,,10/08/2026 08:58
524e808d-c391-4ccb-b772-c88c977824bc,uncharged.gifts,available,36.99,36.99,medium,low,9,namesilo,,,12/09/2026 05:06
d194181e-72a1-46e5-899d-676c29cb304b,sumptuous.gifts,available,14.99,46.99,high,low,9,name.com,,,14/08/2026 01:02
5145155c-134f-4835-8196-2833ff887ba1,vir.gifts,premium,38.94,38.94,medium,low,3,namesilo,,,29/09/2026 23:48
204df216-b752-4312-83b1-c08ba3c13e98,cease.gifts,available,14.99,46.99,medium,low,5,name.com,,,27/09/2026 12:23
72911985-9038-4f30-be89-9077b7d9a6c7,missions.gifts,available,36.99,36.99,medium,low,8,namesilo,,,28/09/2026 23:16
e3794d73-4584-4632-9544-555b25f5cdb6,famously.gifts,available,36.99,36.99,high,low,8,namesilo,,,14/09/2026 16:46
2ecfd7f6-ce71-4232-9932-d4c9de544afc,brazilian.gifts,premium,78.54,78.54,high,low,9,namesilo,,,11/08/2026 02:57
678e255e-d254-4f61-896c-bf2f202d4120,built.gifts,available,38.48,47.48,high,low,5,namecheap,,,23/09/2026 10:20
af13c161-54e1-4225-b734-df9dc5acebd1,heracles.gifts,available,36.99,36.99,high,low,8,namesilo,,,18/09/2026 04:03
ad8394a6-8e5f-4faa-87f8-da0acc423acc,muffled.gifts,available,36.99,36.99,medium,low,7,namesilo,,,03/09/2026 10:26
ed6e9cc3-0f9a-4cff-aef6-b29ae3c1ce3e,churlish.gifts,available,14.99,46.99,medium,low,8,name.com,,,12/08/2026 07:49
71410393-5e1d-4e45-aa45-b98bd4bea078,stentorian.gifts,available,38.48,47.48,medium,low,10,namecheap,,,10/09/2026 20:07
3aefb6e6-f27a-4e11-bc13-96c3f7a3469b,kieran.gifts,available,36.99,36.99,high,low,6,namesilo,,,01/10/2026 08:33
e35c4501-d2cf-4144-9293-a256061f099d,each.gifts,available,38.48,47.48,high,low,4,namecheap,,,24/09/2026 12:45
61c4a91c-bd5d-4669-9479-2819dad453eb,yung.gifts,available,29.18,29.18,medium,low,4,spaceship,,,29/09/2026 22:41
eced9159-7260-4978-817b-c9a0bb489e52,decorations.gifts,premium,72.6,72.6,medium,low,11,dynadot,,,28/09/2026 23:03
2fce55df-d6a6-4961-8397-8503c8e1320c,urals.gifts,available,29.18,29.18,medium,low,5,spaceship,,,30/09/2026 19:04
30b387ba-c567-4464-9a9a-685995dce06e,ahuh.gifts,available,36.99,36.99,medium,low,4,namesilo,,,02/10/2026 04:54
e54a2b3f-3179-4225-97d2-f044278464db,areca.gifts,available,36.99,36.99,medium,low,5,namesilo,,,20/09/2026 03:25
f3c7e574-ff07-469c-ae66-3aa8ce2e9360,dio.gifts,available,36.99,36.99,medium,low,3,namesilo,,,29/09/2026 09:47
0cd2de42-fc49-4a84-ad14-835d2f83ca3e,moated.gifts,available,14.99,46.99,medium,low,6,name.com,,,25/08/2026 02:14
4a994130-bd32-47e6-a208-3b43661a9859,attribute.gifts,available,36.99,36.99,high,low,9,namesilo,,,21/09/2026 02:16
04b632fe-d685-4700-9e68-fff987d93f62,brinton.gifts,available,8.24,30.18,medium,low,7,dynadot,,,02/10/2026 23:43
6615f5d6-11e0-47bd-b74d-7402b7ffd0b1,enjoying.gifts,available,38.48,47.48,medium,low,8,namecheap,,,25/09/2026 21:02
3d4797cc-5f8c-4039-b01d-7bac39956f5d,backboard.gifts,available,38.48,47.48,high,low,9,namecheap,,,21/09/2026 15:09
6cf9f77e-72ab-4395-b405-421a7cc69163,mena.gifts,available,8.24,30.18,high,low,4,dynadot,,,29/09/2026 22:04
233bc85e-3e63-4000-adf3-6b72a9c7ac41,iis.gifts,available,29.18,29.18,medium,low,3,spaceship,,,29/09/2026 19:14
c1d0d870-3fa4-43dd-9ad8-4613c1a33a4d,blackjack.gifts,available,38.48,47.48,high,low,9,namecheap,,,24/09/2026 00:44
d9961121-a3db-474e-9f13-e7989b089337,albuca.gifts,available,36.99,36.99,medium,low,6,namesilo,,,18/09/2026 03:19
f4ef0dc1-4cff-46f9-b2fa-9924104c7dba,nietzsche.gifts,available,36.99,36.99,medium,low,9,namesilo,,,30/09/2026 17:24
911504d2-a2f6-4dd6-a50a-307a8685a937,delgado.gifts,available,36.99,36.99,medium,low,7,namesilo,,,28/09/2026 17:40
b0bb19ae-3090-4485-89af-21fbe28e15f6,nodes.gifts,available,29.18,29.18,medium,low,5,spaceship,,,01/10/2026 18:29
3958b51e-a41c-4865-b9f7-db7ec9b1e242,witless.gifts,available,38.48,47.48,medium,low,7,namecheap,,,03/09/2026 17:49
396aafca-7ab1-4760-8679-cf2279930f23,mutable.gifts,available,14.99,46.99,medium,low,7,name.com,,,12/08/2026 01:50
4f165446-ad7a-4cc3-90d3-61b73889207e,cleanser.gifts,available,36.99,36.99,high,low,8,namesilo,,,24/09/2026 15:26
e745bb26-b8e0-4939-a014-c59dd1944c87,aquarius.gifts,available,38.48,47.48,high,low,8,namecheap,,,19/09/2026 23:03
e480f1a8-2ca5-49f5-aee4-7eba2070906c,stepping.gifts,available,36.99,36.99,high,low,8,namesilo,,,16/09/2026 15:33
352a0325-fc58-46e3-8db3-20af7812ca7b,arda.gifts,available,36.99,36.99,high,low,4,namesilo,,,17/09/2026 10:27
34c05623-8ff2-40bd-b848-89a5955ce251,downtime.gifts,available,36.99,36.99,high,low,8,namesilo,,,24/09/2026 23:41
2211e6c2-f50e-4f08-ad35-d432ea2c77d1,aviation.gifts,available,36.99,36.99,high,low,8,namesilo,,,17/09/2026 22:43
68ad3e30-407d-4773-8258-c84e7ada0fc7,bankia.gifts,available,38.48,47.48,medium,low,6,namecheap,,,22/09/2026 02:48
a3bf364c-6fdd-4a22-9cd0-45246b1dd162,observers.gifts,available,29.18,29.18,medium,low,9,spaceship,,,30/09/2026 07:11
bf926d2d-417d-48c4-b65e-db589ec6d72b,seepage.gifts,available,36.99,36.99,medium,low,7,namesilo,,,04/09/2026 15:38
53eadef1-3b1a-40de-8eb4-0a234f8926d5,downriver.gifts,available,14.99,46.99,medium,low,9,name.com,,,14/08/2026 18:01
d8e36124-f4b3-44e0-8437-49f010ad5f3a,santiago.gifts,available,29.18,29.18,medium,low,8,spaceship,,,28/09/2026 13:37
a0124f82-4388-4678-8325-d552f0612e6a,coats.gifts,available,36.99,36.99,high,low,5,namesilo,,,17/09/2026 00:23
404750ce-f1ca-4298-bbfd-c88cb3919f29,coaching.gifts,available,29.18,29.18,high,low,8,spaceship,,,01/10/2026 18:50
4a09f487-869a-41f6-b510-dd0b9a610833,materialize.gifts,available,36.99,36.99,high,low,11,namesilo,,,01/10/2026 23:04
0f06f28a-d632-4c09-b664-820a32922cf5,crosspatch.gifts,available,14.99,46.99,medium,low,10,name.com,,,13/08/2026 05:02
8817d20c-0467-418d-b620-a7c591a6a700,traders.gifts,available,9.99,,high,low,7,name.com,,,
e43ed64a-21eb-4ef5-a39a-f6fc794f82a2,links.gifts,premium,109.53,218.86,high,medium,5,porkbun,,,29/09/2026 21:04
2f636227-0455-4dfa-a5c8-1c3d88253355,chickpeas.gifts,available,36.99,36.99,medium,low,9,namesilo,,,20/09/2026 11:04
2d5620ea-0c5e-4995-bad5-956ef1ba7e7a,cracking.gifts,available,36.99,36.99,high,low,8,namesilo,,,01/10/2026 15:30
94a07de7-d21f-4893-be18-0d23cc380800,interface.gifts,available,38.48,47.48,high,low,9,namecheap,,,28/09/2026 19:29
0703ba2d-3438-430b-bf9c-8ae772475293,xlviii.gifts,available,14.99,46.99,medium,low,6,name.com,,,
42b7997f-7765-4cdc-860d-c33a50b46866,praising.gifts,available,14.99,46.99,high,low,8,name.com,,,22/08/2026 20:53
4530fc55-57be-4498-981c-1f032badf197,mollify.gifts,available,14.99,46.99,high,low,7,name.com,,,18/08/2026 22:10
58df6d38-6442-4e53-8b3e-e3275a5c38fe,adamant.gifts,available,14.99,46.99,high,low,7,name.com,,,
eeb47131-aeca-430a-83d0-a3c4ed1a046e,person.gifts,available,36.99,36.99,high,low,6,namesilo,,,25/09/2026 09:11
963a465d-612f-47e8-9d68-85e0b61f9f8d,poignant.gifts,available,14.99,46.99,high,low,8,name.com,,,
2124172c-dea5-47b2-8db0-d2cb46d6f4f9,ooh.gifts,available,36.99,36.99,high,low,3,namesilo,,,30/09/2026 11:21
a8500bff-b0b5-47a3-b003-19012fa96e6a,champagne.gifts,premium,38.94,38.94,high,low,9,namesilo,,,23/09/2026 10:06
b1ecff9f-89a2-4910-b8e6-a0ab2bbfe9d0,amiens.gifts,available,36.99,36.99,medium,low,6,namesilo,,,29/09/2026 04:12
41b0a181-4f07-406e-85d8-c533873d0ca4,successor.gifts,available,28.2,28.2,high,low,9,cloudflare,,,30/09/2026 12:13
7b01a445-f39d-4eeb-8dd0-8036cd4d302d,lighted.gifts,available,14.99,46.99,high,low,7,name.com,,,21/08/2026 20:09
96a30547-3e2d-4574-a6fa-4a51ca1daea8,nikola.gifts,available,29.18,29.18,high,low,6,spaceship,,,29/09/2026 22:11
de8f9be9-0337-43db-ab6a-39b72b461092,inevitable.gifts,available,38.48,47.48,high,low,10,namecheap,,,25/09/2026 09:24
2e14eca2-f7f8-440e-87c3-d93c7faf7c03,trapp.gifts,available,8.24,30.18,high,low,5,dynadot,,,03/10/2026 04:47
0793e78c-6a78-4a5e-aba9-1d50b209bdb4,halab.gifts,available,36.99,36.99,medium,low,5,namesilo,,,18/09/2026 05:12
447c1d13-f229-46b0-8839-ce21dcb35595,gladiator.gifts,available,29.18,29.18,high,low,9,spaceship,,,02/10/2026 05:04
a847cc96-c576-4fb5-a4b7-1c558d779bd8,feast.gifts,available,36.99,36.99,high,low,5,namesilo,,,22/09/2026 03:01
4d3a3a10-fa9b-4d3d-99e1-c3bcbc033319,allice.gifts,available,38.48,47.48,medium,low,6,namecheap,,,18/09/2026 11:05
8d4e3391-d38a-4f98-981a-1ae09befa239,slav.gifts,available,36.99,36.99,medium,low,4,namesilo,,,10/09/2026 10:28
50179335-01a3-490b-ba6d-1dc49f59ad2c,berserk.gifts,available,14.99,46.99,medium,low,7,name.com,,,
aad0c682-6438-4985-b620-266a03022df7,promised.gifts,available,36.99,36.99,high,low,8,namesilo,,,17/09/2026 11:24
40a3d45e-16fb-4e71-8faa-b8002a0e6957,conducted.gifts,available,9.99,,medium,low,9,name.com,,,
65eaa470-1f05-49ec-8e87-1f97f794803b,lard.gifts,available,29.18,29.18,medium,low,4,spaceship,,,30/09/2026 17:51
cfe72b33-63f8-4eb2-86db-8c294c0e74b4,rosenbaum.gifts,available,36.99,36.99,high,low,9,namesilo,,,30/09/2026 05:15
ea0dc0c7-958e-474c-83b4-0781600af0e9,sikorsky.gifts,available,36.99,36.99,high,low,8,namesilo,,,30/09/2026 17:41
0cff3411-fb47-4ca7-bfbb-6e2c8f04dc6e,truths.gifts,available,29.18,29.18,medium,low,6,spaceship,,,30/09/2026 06:17
13b3c3c8-64fd-4868-8553-0a35444f39c1,motile.gifts,available,14.99,46.99,medium,low,6,name.com,,,25/08/2026 07:18
d411bf45-438c-4f72-8ab9-0f7879b776f5,indium.gifts,available,36.99,36.99,medium,low,6,namesilo,,,20/09/2026 23:11
73cf75ca-2002-47b7-925c-dd379a904627,haggard.gifts,available,14.99,46.99,medium,low,7,name.com,,,10/08/2026 18:56
77f6d34f-4e71-474e-bf1a-89b0a4df8d31,cupule.gifts,available,36.99,36.99,medium,low,6,namesilo,,,17/09/2026 02:18
2cf788a6-15d9-4cd7-8b93-859d4bd76de4,chapstick.gifts,available,9.99,,high,low,9,name.com,,,
b997bbaf-3a25-48fd-9688-13c774c49537,eject.gifts,available,38.48,47.48,high,low,5,namecheap,,,01/10/2026 03:53
b4744491-cb5a-40df-9715-c945242158f0,maven.gifts,available,14.99,46.99,high,low,5,name.com,,,
428fdc2a-d1bc-4d10-9163-83b726b2d302,clogged.gifts,available,14.99,46.99,medium,low,7,name.com,,,12/08/2026 06:41
5ab42807-d0cb-4285-a02e-741275b6d87e,designated.gifts,available,28.2,28.2,medium,low,10,cloudflare,,,28/09/2026 22:42
3dc4388b-9b23-440b-80fa-62d6364827bf,padding.gifts,available,29.18,29.18,high,low,7,spaceship,,,02/10/2026 04:32
29b57911-a0ba-4e46-aa0f-ebbaf71a04af,flick.gifts,available,29.18,29.18,high,low,5,spaceship,,,29/09/2026 06:54
23a353e5-4b36-475d-8a4b-ac566c911a00,commence.gifts,available,36.99,36.99,high,low,8,namesilo,,,23/09/2026 02:22
52034112-a32a-41e8-a719-e64d78e8fad7,saco.gifts,available,8.24,30.18,medium,low,4,dynadot,,,02/10/2026 18:28
57202000-4e58-4bf5-873e-dd28ca54265e,cruiser.gifts,available,8.24,29.35,medium,low,7,porkbun,,,28/09/2026 18:32
14e9bc90-7d9e-43ca-bfea-6d6bd0098749,dissociate.gifts,available,14.99,46.99,medium,low,10,name.com,,,14/08/2026 11:11
0be6af3e-11ff-47eb-9e91-1ca902330b41,fsb.gifts,available,36.99,36.99,high,low,3,namesilo,,,30/09/2026 17:18
13a9a74b-b245-4a70-84aa-b3b4ba45f368,michelson.gifts,available,36.99,36.99,medium,low,9,namesilo,,,16/09/2026 12:52
8d6704ba-ae1c-467f-99ce-8df6dd271ed2,trophy.gifts,premium,78.54,78.54,high,low,6,namesilo,,,30/09/2026 13:59
ff1cf88d-1f85-4a75-a55d-9227d4088925,tavistock.gifts,available,28.2,28.2,medium,low,9,cloudflare,,,02/10/2026 00:47
98b622b0-ef7f-4bef-847b-b97e937ac706,slicked.gifts,available,38.48,47.48,medium,low,7,namecheap,,,08/09/2026 20:52
930a8862-260e-43e0-b8fa-cad0b83f394e,faced.gifts,available,14.99,46.99,high,low,5,name.com,,,17/08/2026 20:20
ea2fce97-ea9f-4298-9e21-36e64289fe07,muck.gifts,available,36.99,36.99,medium,low,4,namesilo,,,25/09/2026 00:13
4fe42ff0-faa1-454f-a84b-0b0a6865bc8c,edentulous.gifts,available,14.99,46.99,medium,low,10,name.com,,,15/08/2026 08:36
b6f8da88-f532-479b-800a-bd4059c7c979,consenting.gifts,available,14.99,46.99,high,low,10,name.com,,,12/08/2026 22:35
579160ae-478f-47df-b77c-02aa0f0966ab,surgeon.gifts,available,36.99,36.99,high,low,7,namesilo,,,25/09/2026 23:55
c2609f72-40d4-4ebf-8eeb-859869343ec5,distraction.gifts,available,36.99,36.99,medium,low,11,namesilo,,,28/09/2026 16:54
01630b72-e1a6-4f56-997e-b18149e49626,bully.gifts,available,14.99,46.99,high,low,5,name.com,,,08/08/2026 12:15
e3da0e08-a5d1-41f4-91ab-dac3db9de7b7,zaman.gifts,available,36.99,36.99,high,low,5,namesilo,,,18/09/2026 03:15
f57c680c-30aa-497d-b5fe-241c430c265a,consideration.gifts,available,36.99,36.99,high,low,13,namesilo,,,28/09/2026 04:23
8ffb2dab-9adb-4b00-918d-74a57030f5f5,prairie.gifts,available,28.2,28.2,high,low,7,cloudflare,,,30/09/2026 07:12
dcd53417-3bdf-4195-97d4-3e2cd23eda4b,wiser.gifts,available,36.99,36.99,high,low,5,namesilo,,,29/09/2026 23:16
01487ae3-c4e3-45c3-be63-bd9e2f47d801,beauchamp.gifts,available,29.18,29.18,low,low,9,spaceship,,,29/09/2026 05:52
32945c25-f8cd-4f19-87b7-9cb76789cbfd,boulder.gifts,premium,68.51,68.51,medium,low,7,spaceship,,,28/09/2026 13:35
7d93408f-eb5b-417d-a1c3-0fc8c46a30b0,heavily.gifts,available,14.99,46.99,medium,low,7,name.com,,,21/08/2026 05:28
9da5bce0-6fb6-47b3-8fea-3029781838f5,orientation.gifts,available,38.48,47.48,medium,low,11,namecheap,,,28/09/2026 22:40
2f52f5b6-df05-4ff7-8637-b9f6994ee072,permanent.gifts,available,14.99,46.99,high,low,9,name.com,,,22/08/2026 20:24
1381a281-6b38-4c36-9a85-7b70b4b21adc,plummet.gifts,available,14.99,46.99,medium,low,7,name.com,,,08/09/2026 21:42
abab8ce1-fb7d-4536-9bf2-e7410e28eb7f,payoff.gifts,available,36.99,36.99,medium,low,7,namesilo,,,29/09/2026 11:46
1b9b89da-cc4c-4b87-9c3f-d226485e6583,thorax.gifts,available,36.99,36.99,high,low,6,namesilo,,,02/10/2026 23:59
f8a80a16-2c1e-4c64-9aae-9e1e8a6adb8c,pernambuco.gifts,available,8.24,29.35,high,low,10,porkbun,,,30/09/2026 10:51
0c0c89a9-fb4c-401e-b652-3f6a01a6c8e5,buddhist.gifts,premium,242,242,high,low,8,namesilo,,,11/08/2026 07:39
6eff6849-34a9-46dc-8524-e1fbbefbe5f7,lie.gifts,premium,38.94,38.94,high,low,3,namesilo,,,30/09/2026 02:51
e09af7fe-a895-4ac3-8cb8-88c255edf3ec,osmanli.gifts,available,36.99,36.99,medium,low,7,namesilo,,,04/09/2026 18:41
406187ab-d69a-496d-910c-c1d4ba618de4,insouciant.gifts,available,14.99,46.99,medium,low,10,name.com,,,11/08/2026 20:34
dd56f9b5-ac07-45ac-9eb1-61dd64da0f94,coiling.gifts,available,14.99,46.99,medium,low,7,name.com,,,12/08/2026 16:09
b6889ac4-5d7d-4775-80a9-1128277ff1c9,trespassing.gifts,available,28.2,28.2,high,low,11,cloudflare,,,01/10/2026 17:05
0d2a6852-4a05-4d63-ad68-ca03ed4f988c,enterprises.gifts,premium,42.9,42.9,medium,low,11,namecheap,,,29/09/2026 11:23
c4750193-dd1a-4601-9fd5-0bc108c3576d,menopause.gifts,available,29.18,29.18,high,low,9,spaceship,,,30/09/2026 16:40
9a63d5f0-f314-4fdd-b293-fc10a8c4bcea,territories.gifts,available,36.99,36.99,medium,low,11,namesilo,,,30/09/2026 05:50
aa253018-90f3-45c3-a1f1-8ed4d14563cc,cannibal.gifts,available,36.99,36.99,medium,low,8,namesilo,,,19/09/2026 13:56
c699a536-b2aa-440d-a5a3-21c056060672,thieves.gifts,available,36.99,36.99,medium,low,7,namesilo,,,16/09/2026 11:41
8178585d-a9b8-4311-850e-894dfa6dc279,boreal.gifts,available,14.99,46.99,high,low,6,name.com,,,10/08/2026 19:55
2b4d9505-d498-4cef-bad0-8a365f6c8487,inflight.gifts,available,36.99,36.99,high,low,9,namesilo,,,02/10/2026 11:40
73d7c17b-c7ea-4843-a5c7-6f51dc7c92ab,dinner.gifts,premium,207.2,207.2,high,low,6,spaceship,,,29/09/2026 15:01
1d621152-0c67-4dc2-a5f8-9174a39de924,northbound.gifts,available,38.48,47.48,high,low,10,namecheap,,,03/09/2026 21:29
a8c8aae1-e1e0-4fe0-b71f-e8b78aab4b85,comely.gifts,available,14.99,46.99,high,low,6,name.com,,,09/08/2026 06:13
c6e85a84-608b-4c0c-85a6-6122c2d71b08,segal.gifts,available,29.18,29.18,medium,low,5,spaceship,,,28/09/2026 19:20
3faf9d18-8fca-4a11-8574-92d018a0141f,declining.gifts,available,29.18,29.18,medium,low,9,spaceship,,,01/10/2026 21:27
e213d749-9fa0-4504-8e67-b4d425589d67,consequently.gifts,available,29.18,29.18,medium,low,12,spaceship,,,29/09/2026 10:11
4c39343c-4c31-4104-9d1c-4bee5c02d6fd,mythology.gifts,available,8.24,30.18,medium,low,9,dynadot,,,28/09/2026 14:56
03d6b80f-5f7f-4e3a-abd5-3294accfc9fc,allergist.gifts,available,29.18,29.18,medium,low,9,spaceship,,,28/09/2026 20:30
96d27fda-0724-48a3-a1ab-ddeddf9db6fb,trigon.gifts,available,36.99,36.99,high,low,6,namesilo,,,11/09/2026 19:46
820d4b1e-3c9e-4ce9-b2ce-f50668874a0c,dogwalking.gifts,available,38.48,47.48,high,low,10,namecheap,,,18/09/2026 19:10
71f63d6c-45b1-417e-9bde-2a6f2fcb9ed2,reusable.gifts,available,36.99,36.99,high,low,8,namesilo,,,09/09/2026 11:33
dd1bcd62-7513-44d9-9f24-559b2acda855,uut.gifts,available,36.99,36.99,medium,low,3,namesilo,,,20/09/2026 22:17
4de46668-0915-4adb-a29a-f760a745d53a,vague.gifts,available,36.99,36.99,high,low,5,namesilo,,,25/09/2026 23:34
17ee1a38-c300-4d44-b64d-7799b6247d32,shyly.gifts,available,36.99,36.99,medium,low,5,namesilo,,,13/09/2026 23:37
553ce90b-e8d0-4e67-a69d-31e84f75c72c,polysemous.gifts,available,36.99,36.99,medium,low,10,namesilo,,,08/09/2026 23:31
0a13d040-11fa-4840-9df0-cdf0a9c87a79,hygiene.gifts,available,28.2,28.2,high,low,7,cloudflare,,,29/09/2026 01:19
17db819a-bab3-457c-9c46-1eb6a9644f9d,secondhand.gifts,available,36.99,36.99,medium,low,10,namesilo,,,02/10/2026 01:16
9f5620a1-3239-4727-b46e-646e726f1fdb,blowy.gifts,available,14.99,46.99,medium,low,5,name.com,,,10/08/2026 15:47
03158977-9a44-4e3d-8957-7e4efc74c854,antiphony.gifts,available,36.99,36.99,medium,low,9,namesilo,,,19/09/2026 14:57
c10e9132-7c16-472f-883f-8c6e3ee6be1e,buttercups.gifts,available,38.48,47.48,high,low,10,namecheap,,,20/09/2026 19:49
7579d7ee-26be-4b39-8736-2091b83bb485,caitiff.gifts,available,14.99,46.99,low,low,7,name.com,,,11/08/2026 13:26
18ff35d0-8749-4de9-8754-0c211ce8e2ba,seljuk.gifts,available,36.99,36.99,medium,low,6,namesilo,,,10/09/2026 02:15
2379df30-8bc1-4a7c-820c-ebe222e7794e,velocities.gifts,available,36.99,36.99,medium,low,10,namesilo,,,18/09/2026 19:40
66fa889d-acd5-4947-92cb-704611cec0e0,abelia.gifts,available,38.48,47.48,medium,low,6,namecheap,,,16/09/2026 15:02
fcf164a6-aeaa-468c-9d47-724d52e7d9ff,betrayal.gifts,available,36.99,36.99,medium,low,8,namesilo,,,23/09/2026 11:24
e3e168c5-96b7-47e6-8e33-19e01c9bce37,glendale.gifts,available,36.99,36.99,high,low,8,namesilo,,,01/10/2026 10:33
8bf5a80e-53c8-4f6c-8b8c-995361360489,rhythm.gifts,available,36.99,36.99,high,low,6,namesilo,,,25/09/2026 22:02
b392fd38-4054-4ad2-84c2-0c83c179cec2,despicable.gifts,available,14.99,46.99,medium,low,10,name.com,,,14/08/2026 04:00
972fbf0d-627d-4ab0-9a1f-9d0f93edf23f,cornwall.gifts,available,29.18,29.18,medium,low,8,spaceship,,,29/09/2026 06:24
5c843532-b77e-4bec-8493-182703e99af1,aguacate.gifts,available,14.99,46.99,medium,low,8,name.com,,,07/08/2026 23:46
38fea891-297e-4384-957f-c29962ef7a15,mack.gifts,available,28.2,28.2,high,low,4,cloudflare,,,28/09/2026 02:18
d71a5b2a-9f10-47da-a132-7b34ff9f3488,falsetto.gifts,available,14.99,46.99,high,low,8,name.com,,,17/08/2026 21:33
07569e8e-7b88-482a-9bd8-2acc189220a9,attenuate.gifts,available,14.99,46.99,medium,low,9,name.com,,,07/08/2026 15:21
e9d77878-adbe-4979-87eb-5f0d74a599cc,enamel.gifts,available,38.48,47.48,high,low,6,namecheap,,,01/10/2026 19:28
5eb01a08-a3b2-4dae-bc09-bbf858cdd26d,invitation.gifts,available,28.2,28.2,high,low,10,cloudflare,,,30/09/2026 00:21
6de0c0b1-930f-4c3b-b7dc-88ebb9c663dc,pid.gifts,premium,78.54,78.54,high,low,3,namesilo,,,02/10/2026 06:02
92a8849b-c736-4e2b-a498-afc8728788d1,credentials.gifts,available,36.99,36.99,high,low,11,namesilo,,,28/09/2026 08:17
cabb8fcd-9767-4c86-8a51-0661a1bfcbee,bombard.gifts,available,36.99,36.99,medium,low,7,namesilo,,,22/09/2026 07:59
06c334d1-03f1-4566-adc5-127df63e507f,cathari.gifts,available,36.99,36.99,medium,low,7,namesilo,,,18/09/2026 02:53
afee211a-d037-4d18-ac98-6cd48616a42e,rechargeable.gifts,available,36.99,36.99,high,low,12,namesilo,,,01/10/2026 05:50
23092664-793c-4c65-9caa-efdf81b40b3d,unfeasible.gifts,available,14.99,46.99,medium,low,10,name.com,,,21/08/2026 22:56
73da30df-ec51-4181-8414-770d978751d8,cubicle.gifts,available,36.99,36.99,high,low,7,namesilo,,,02/10/2026 04:18
b80d2039-b2b7-4ab0-8bfe-05e37a15a322,authorized.gifts,available,36.99,36.99,high,low,10,namesilo,,,22/09/2026 13:48
7fb60d4c-b8c4-4900-bdce-7429082d57ae,acrylic.gifts,available,38.48,47.48,high,low,7,namecheap,,,17/09/2026 04:05
62837313-0774-4f9f-bfd7-0f2d899bae3f,rendering.gifts,available,8.24,30.18,high,low,9,dynadot,,,29/09/2026 19:21
27d91f86-2b18-465c-9dbf-50489359e99d,ridge.gifts,available,36.99,36.99,high,low,5,namesilo,,,28/09/2026 03:01
ad7153a8-6de5-49c2-92fe-a10ad4cbad75,lover.gifts,premium,78.54,78.54,high,low,5,namesilo,,,23/09/2026 10:15
f0b45175-9abb-455b-8532-20423403eb75,grandmother.gifts,available,29.18,29.18,high,low,11,spaceship,,,30/09/2026 22:07
1b523973-e643-4c6c-b1ca-dda544112abc,batten.gifts,available,36.99,36.99,medium,low,6,namesilo,,,22/09/2026 14:27
63de87f1-198e-461f-8e30-b1a7889bd30e,bindery.gifts,available,36.99,36.99,medium,low,7,namesilo,,,23/09/2026 17:11
05050309-0f2d-4e26-b238-352cae50b884,gear.gifts,available,36.99,36.99,high,low,4,namesilo,,,28/09/2026 21:58
6faf6eea-c218-42f1-8c98-f2d86370aac3,tuneful.gifts,available,14.99,46.99,high,low,7,name.com,,,24/08/2026 19:43
0d006c9b-a42b-45bb-9e95-6afe257ebdeb,superfund.gifts,available,36.99,36.99,high,low,9,namesilo,,,29/09/2026 08:11
73fbc90a-61a1-499b-963c-5999f4f423db,sting.gifts,available,36.99,36.99,high,low,5,namesilo,,,10/09/2026 20:46
d64d9cce-0a50-4c99-8e26-55b6bfb84c48,shenyang.gifts,premium,34.36,34.36,high,low,8,spaceship,,,02/10/2026 04:49
aacc4e1c-c7d8-4581-943e-54a2f5a4a826,gasp.gifts,available,36.99,36.99,high,low,4,namesilo,,,01/10/2026 19:41
9bda1bf5-5e69-416f-bb9a-d803bbbddeb3,lia.gifts,available,29.18,29.18,high,low,3,spaceship,,,30/09/2026 20:33
093e5d6a-1e2d-4d58-9369-833a199e19b7,testate.gifts,available,36.99,36.99,medium,low,7,namesilo,,,11/09/2026 12:00
404dd326-66a5-4bde-8b23-234747bce46c,machines.gifts,available,29.18,29.18,high,low,8,spaceship,,,01/10/2026 04:58
39880a9b-7751-4faf-8eb7-1ffd42bdba62,nws.gifts,available,36.99,36.99,high,low,3,namesilo,,,03/10/2026 04:47
101929cf-43ba-4846-bcc4-e36bbd5570a9,ephesus.gifts,available,36.99,36.99,medium,low,7,namesilo,,,29/09/2026 06:27
8df68146-79bb-4570-b55d-e331a694d822,petalous.gifts,available,38.48,47.48,medium,low,8,namecheap,,,08/09/2026 18:15
015ac3be-4fa2-4ca1-9ca1-fdf3e93b1efb,herefordshire.gifts,available,36.99,36.99,medium,low,13,namesilo,,,01/10/2026 07:50
6b0c7502-3501-402e-851a-bb45e33762b2,nation.gifts,available,29.18,29.18,high,low,6,spaceship,,,29/09/2026 03:15
d2160fdf-c330-4d67-9e5e-9e2874824de9,overlooking.gifts,available,36.99,36.99,medium,low,11,namesilo,,,30/09/2026 00:35
145c478e-6bfc-467d-9a69-38734337267c,amaretto.gifts,available,36.99,36.99,high,low,8,namesilo,,,18/09/2026 15:58
0f918698-e33e-4bf5-838e-74fe1a06b396,slc.gifts,premium,,,high,low,3,,,,30/09/2026 20:32
bf9bf490-5782-4675-ab41-b2ff65d8c51d,delmar.gifts,available,29.18,29.18,high,low,6,spaceship,,,02/10/2026 10:40
a815eb56-32eb-4279-ad21-82a7065cfaa8,agleam.gifts,available,14.99,46.99,medium,low,6,name.com,,,
82893e1f-964e-486c-be0b-171234a1f2b1,famous.gifts,premium,38.94,38.94,high,low,6,namesilo,,,23/09/2026 13:15
dc0e5746-62f1-4d12-a856-d18625b64c5a,minacious.gifts,available,14.99,46.99,low,low,9,name.com,,,24/08/2026 19:57
d81b7c5d-77f6-492d-a846-c5b8f43ac9fe,olsen.gifts,available,36.99,36.99,high,low,5,namesilo,,,25/09/2026 12:35
7e756a76-c652-499f-bf4a-ed8b2bef4745,antimony.gifts,available,38.48,47.48,medium,low,8,namecheap,,,19/09/2026 14:45
d5b33c09-07ce-474d-ac56-7e4d96b01219,leuven.gifts,available,29.18,29.18,medium,low,6,spaceship,,,29/09/2026 15:09
0fe62ef4-cc75-4f64-b290-adbfe9923cfb,hadal.gifts,available,14.99,46.99,medium,low,5,name.com,,,20/08/2026 21:30
a155d500-e1c6-4159-b5a4-5995b384232e,formalise.gifts,available,29.18,29.18,high,low,9,spaceship,,,30/09/2026 19:59
834cad68-7c2a-43da-81bc-5df928f68057,educative.gifts,available,14.99,46.99,high,low,9,name.com,,,15/08/2026 11:09
6cef3c05-43a7-4cd2-bb41-9e2e219c2143,bestial.gifts,available,14.99,46.99,medium,low,7,name.com,,,09/08/2026 17:57
08db4b97-4160-4111-abdf-0fc0dcbc8e96,hunts.gifts,available,29.18,29.18,medium,low,5,spaceship,,,01/10/2026 23:56
a40fe82f-9aa9-430f-b2ec-ba362b0ab31a,basketball.gifts,premium,242,242,high,low,10,namesilo,,,29/09/2026 01:27
cc8ae7bd-d5b4-4985-a0f0-f063f51389c8,contents.gifts,available,36.99,36.99,high,low,8,namesilo,,,29/09/2026 11:23
726770c8-dcef-4a45-becd-17efda9a889d,mime.gifts,available,14.99,46.99,medium,low,4,name.com,,,24/08/2026 23:33
d3e5e5ef-ed5d-443b-8f16-3f0937a725e6,abdication.gifts,available,36.99,36.99,medium,low,10,namesilo,,,16/09/2026 14:43
5d7521a1-9e84-4a28-8e41-1a18a977cfe3,customary.gifts,available,14.99,46.99,high,low,9,name.com,,,13/08/2026 12:29
623fef30-7c92-44eb-ace6-f548926e26dd,abutter.gifts,available,38.48,47.48,medium,low,7,namecheap,,,16/09/2026 19:36
bdb336ac-9598-4527-8506-6bcf9cd66b41,hedwig.gifts,available,36.99,36.99,medium,low,6,namesilo,,,02/10/2026 09:21
e1fa802c-c2fc-4c71-9148-229f983d1b0a,carroll.gifts,available,8.24,29.35,high,low,7,porkbun,,,29/09/2026 18:13
1e8c7053-279f-44cd-9b00-8b0c231a54c8,porter.gifts,available,36.99,36.99,high,low,6,namesilo,,,28/09/2026 01:41
01f740da-074e-4c3a-a3d0-86a084434610,innovate.gifts,available,29.18,29.18,high,low,8,spaceship,,,29/09/2026 02:37
44c87c26-b88d-4f76-b2fd-77e6c5bb9185,permanently.gifts,available,29.18,29.18,medium,low,11,spaceship,,,28/09/2026 07:19
352551ee-7328-448e-97d0-046cf8e180e8,disabled.gifts,available,36.99,36.99,high,low,8,namesilo,,,24/09/2026 10:55
dfbcaeac-9e0c-42c6-8c74-ef861807e052,albitic.gifts,available,14.99,46.99,medium,low,7,name.com,,,
7e7efa81-49e3-4ab0-9319-c7a6522e41b1,benchmark.gifts,available,36.99,36.99,high,low,9,namesilo,,,23/09/2026 07:38
d0d522b7-ace3-4488-b4f2-f958e3ea1c50,carla.gifts,available,36.99,36.99,high,low,5,namesilo,,,27/09/2026 07:21
bb087657-756e-445c-9014-db8b7fb2b91b,sagar.gifts,available,29.18,29.18,medium,low,5,spaceship,,,02/10/2026 20:45
43ae6be4-c169-4d26-99d2-51b19e1597ce,exile.gifts,available,28.2,28.2,high,low,5,cloudflare,,,28/09/2026 18:57
1e45b508-34ff-4a4d-8204-14dc2b7046ed,crusade.gifts,available,29.18,29.18,medium,low,7,spaceship,,,28/09/2026 09:29
981224dd-fd8a-4427-98e5-731fbfbe66ff,retain.gifts,available,29.18,29.18,high,low,6,spaceship,,,30/09/2026 20:28
7cdf8664-5c7e-49c5-a728-45443e425c05,yosef.gifts,available,8.24,29.35,medium,low,5,porkbun,,,30/09/2026 22:02
c64fef3f-2637-427a-8655-402588409045,kane.gifts,available,36.99,36.99,high,low,4,namesilo,,,27/09/2026 07:59
0a95483a-7c48-46d6-adeb-84f077525444,ambassadors.gifts,available,29.18,29.18,medium,low,11,spaceship,,,30/09/2026 15:27
e1ee608a-e213-4473-ad8e-dd9bbc95deda,eels.gifts,available,8.24,29.35,high,low,4,porkbun,,,02/10/2026 03:24
08c72779-b37b-4e7f-bdcc-5470f5375646,bionic.gifts,available,14.99,46.99,high,low,6,name.com,,,10/08/2026 02:17
b48f5f79-e94f-42e3-b426-9caf99e80100,massachusetts.gifts,available,36.99,36.99,medium,low,13,namesilo,,,28/09/2026 11:48
42ddce54-78c9-4054-8e58-8a077d68d20f,pout.gifts,available,38.48,47.48,medium,low,4,namecheap,,,18/09/2026 18:12
abd1b207-da25-4f9a-9eb4-7e636845ab10,davis.gifts,available,38.48,47.48,high,low,5,namecheap,,,23/09/2026 11:38
983c23c6-43fd-4620-898c-c8c1d1c24335,hearable.gifts,available,14.99,46.99,medium,low,8,name.com,,,07/08/2026 16:35
398bbfb3-826d-4127-831c-6c174c93b4e0,sized.gifts,available,14.99,46.99,high,low,5,name.com,,,10/09/2026 09:15
446500c1-b458-431b-bcb5-4c37c888515b,apsidal.gifts,available,14.99,46.99,medium,low,7,name.com,,,06/08/2026 10:18
f8de05af-0b2f-4003-8fb2-d27c205313e7,benet.gifts,available,38.48,47.48,high,low,5,namecheap,,,23/09/2026 07:58
06eed47d-49af-4a17-8b42-f1f31cb5476f,lackawanna.gifts,available,29.18,29.18,medium,low,10,spaceship,,,28/09/2026 16:52
2bf27614-e318-478b-94dc-02e458b3d138,loaf.gifts,available,36.99,36.99,high,low,4,namesilo,,,11/09/2026 08:31
4ff05f07-8a44-492a-a337-d419e03dcea9,barbu.gifts,available,36.99,36.99,medium,low,5,namesilo,,,22/09/2026 05:04
162381e1-9985-4c82-aba9-a521e92c1ab0,tackle.gifts,available,29.18,29.18,high,low,6,spaceship,,,28/09/2026 05:46
4863d04d-99d6-4b9f-9224-e5f45f163e9a,organisations.gifts,available,36.99,36.99,medium,low,13,namesilo,,,21/09/2026 01:37
dc0d739a-a659-4d5e-ba5f-63090cf27892,mucky.gifts,available,14.99,46.99,medium,low,5,name.com,,,10/08/2026 17:06
bcc63809-ec48-445c-9419-0add7ff517af,reflex.gifts,available,38.48,47.48,high,low,6,namecheap,,,27/09/2026 11:10
cd892828-bbd9-4dae-88f7-4f2e20d2e1bc,was.gifts,premium,78.54,78.54,medium,low,3,namesilo,,,02/10/2026 15:24
202558d7-b796-42e9-b547-625e8152f1ff,missoula.gifts,available,8.24,30.18,medium,low,8,dynadot,,,29/09/2026 01:41
87e338a7-8d6f-459d-924f-378e562c8292,bor.gifts,available,28.2,28.2,medium,low,3,cloudflare,,,29/09/2026 02:55
47636ba0-5921-4dd2-a1f3-acee5793bb14,antifreeze.gifts,available,36.99,36.99,medium,low,10,namesilo,,,19/09/2026 14:23
194b8961-db5f-46af-bcd1-d469fdec6141,anklet.gifts,available,38.48,47.48,high,low,6,namecheap,,,19/09/2026 09:41
ebead499-cb3e-4afe-84ca-c26ef5fde32a,priscilla.gifts,available,28.2,28.2,high,low,9,cloudflare,,,28/09/2026 03:51
db1c2cc0-33b6-4191-8e09-22f5d264a6ec,uncreative.gifts,available,36.99,36.99,medium,low,10,namesilo,,,12/09/2026 06:24
a87ea77b-35f0-421a-a079-f60ee6c73f9b,indie.gifts,available,14.99,46.99,high,medium,5,name.com,,,22/08/2026 03:00
e48e5e08-bd38-4050-a884-5c1f36259c94,jot.gifts,premium,34.36,34.36,high,low,3,spaceship,,,30/09/2026 00:55
bcbf7799-8320-4de5-aba7-72ac14167cf5,contractions.gifts,available,36.99,36.99,medium,low,12,namesilo,,,01/10/2026 16:01
e95a3b63-066e-4840-80a5-c9dd37fb112d,echoing.gifts,available,38.48,47.48,high,low,7,namecheap,,,30/09/2026 03:52
b831711a-9f58-4cad-9b27-47a91dea5bac,factitious.gifts,available,14.99,46.99,medium,low,10,name.com,,,17/08/2026 20:27
a652dab4-2860-4bbe-a4c2-a41f9dbbc924,partridge.gifts,available,36.99,36.99,medium,low,9,namesilo,,,29/09/2026 06:07
6aa12dbe-2151-461c-8f05-4cad064d98af,sharpen.gifts,available,28.2,28.2,high,low,7,cloudflare,,,03/10/2026 02:36
628c1ff1-7aaa-402e-9b41-624c5e43b4e9,thin.gifts,available,14.99,46.99,high,low,4,name.com,,,14/08/2026 07:47
510433bb-41d0-44f5-ba15-b5c944155c60,boney.gifts,available,14.99,46.99,medium,low,5,name.com,,,10/08/2026 18:44
d56ef78f-4f3a-4975-ac43-b5851081bb24,puissant.gifts,available,36.99,36.99,medium,low,8,namesilo,,,09/09/2026 05:53
7df47372-d053-4c9f-aeef-66d249e5c108,norther.gifts,available,14.99,46.99,medium,low,7,name.com,,,03/09/2026 21:34
ea9c30a8-a64f-4a4d-9429-08be06cbf3af,chronology.gifts,available,36.99,36.99,high,low,10,namesilo,,,02/10/2026 14:38
30e7ffd8-0244-43d2-b090-2b611ce76236,animal.gifts,premium,38.94,38.94,high,low,6,namesilo,,,08/09/2026 11:39
e2c3e715-e93e-4aea-9c40-eca8f94c7b2a,piracy.gifts,available,36.99,36.99,high,low,6,namesilo,,,01/10/2026 01:12
52918726-4347-4146-9e49-897a83d92d91,nunavut.gifts,available,8.24,29.35,medium,low,7,porkbun,,,02/10/2026 05:58
67eda5ae-c9e0-44f5-a0ea-ccd629b3c5d0,amnio.gifts,available,38.48,47.48,medium,low,5,namecheap,,,18/09/2026 22:23
0673479d-9c8b-48d9-b030-0d9b5a1f5e4e,miracle.gifts,available,29.18,29.18,high,low,7,spaceship,,,30/09/2026 04:39
2d3d4535-02e6-4f19-a3bb-af49f18c7485,thematic.gifts,available,36.99,36.99,high,low,8,namesilo,,,11/09/2026 12:43
9cc3f2f9-f25e-4f05-a83c-5dd9953145bc,alpinia.gifts,available,36.99,36.99,medium,low,7,namesilo,,,18/09/2026 14:02
84333883-a348-46bd-9238-9d7eee4ab89e,salvation.gifts,available,8.24,30.18,high,low,9,dynadot,,,28/09/2026 03:00
ce014f48-4756-478b-8c79-7ccf734ff31c,revised.gifts,available,28.2,28.2,high,low,7,cloudflare,,,27/09/2026 14:32
5bfef4ca-e794-4c9a-8acc-7e96f4681816,consultative.gifts,available,8.24,29.35,high,low,12,porkbun,,,30/09/2026 20:07
8457716c-f759-4bcc-8b99-055565a8772a,low.gifts,premium,38.94,38.94,high,low,3,namesilo,,,21/09/2026 13:54
1d320403-6f77-4822-be92-81fd16613f1c,proofed.gifts,available,36.99,36.99,medium,low,7,namesilo,,,09/09/2026 03:24
58e3db1e-06e6-401f-9673-c36bb786ed12,nutriment.gifts,available,36.99,36.99,medium,low,9,namesilo,,,18/09/2026 07:52
2ec57599-9ded-4ef2-b358-3070510e00bd,grail.gifts,available,8.24,30.18,high,low,5,dynadot,,,01/10/2026 19:50
ac82f6ef-383a-4db6-b8e4-26befca4d348,sonja.gifts,available,36.99,36.99,medium,low,5,namesilo,,,01/10/2026 08:57
9c41b541-3ad8-4b26-a8c1-3d0bd4cacd7a,rumbling.gifts,available,14.99,46.99,medium,low,8,name.com,,,20/08/2026 20:34
c82db4cc-7d44-4af0-ac43-187936601c77,silverman.gifts,available,29.18,29.18,medium,low,9,spaceship,,,28/09/2026 12:16
6f602666-c6dd-4d00-be7b-1e964ba8edea,funnily.gifts,available,38.48,47.48,medium,low,7,namecheap,,,14/09/2026 20:40
ac75604f-2efa-4ae6-bc6c-9af75cab86d8,plaguey.gifts,available,14.99,46.99,medium,low,7,name.com,,,
42da4040-60b8-4e5d-b2fa-8287a64a840c,individually.gifts,available,36.99,36.99,medium,low,12,namesilo,,,29/09/2026 16:19
e3259c47-65d8-41ed-82a1-ea5d5bb85a04,husbandry.gifts,available,14.99,46.99,high,low,9,name.com,,,17/08/2026 22:35
62044b75-25fa-4609-8542-d309c80ac117,til.gifts,available,36.99,36.99,high,low,3,namesilo,,,28/09/2026 11:25
fb21a7e4-0c2e-4bab-bdb6-d530d705fc59,valdez.gifts,available,29.18,29.18,medium,low,6,spaceship,,,28/09/2026 20:43
5d1c778f-09d2-4eea-bf1b-f45e3fede991,plugging.gifts,available,29.18,29.18,high,low,8,spaceship,,,02/10/2026 18:31
ccd70224-c466-4061-a1d4-8ae7047c013d,distribute.gifts,available,29.18,29.18,high,low,10,spaceship,,,28/09/2026 00:20
173b1941-2ea7-4ac9-8583-068e9beab679,aggressively.gifts,available,36.99,36.99,medium,low,12,namesilo,,,30/09/2026 11:34
18091784-cea9-4c56-a257-de534375a201,replica.gifts,available,29.18,29.18,high,low,7,spaceship,,,29/09/2026 20:10
e6582133-9895-46ca-a05d-47259575a8be,susquehanna.gifts,available,36.99,36.99,medium,low,11,namesilo,,,27/09/2026 01:59
c5d036fc-e031-4cf6-942e-ad487813b613,luminous.gifts,available,14.99,46.99,high,low,8,name.com,,,
5152523a-ef8a-4579-a4cb-f27f7565bff3,ambrosial.gifts,available,14.99,46.99,medium,low,9,name.com,,,
0555d80a-77af-4279-9401-c6c6a0018ca8,cxxxv.gifts,available,14.99,46.99,medium,low,5,name.com,,,
b816b07c-45e8-4258-9ff1-1b68c68720cf,epos.gifts,available,14.99,46.99,high,low,4,name.com,,,17/08/2026 10:28
fada5386-aff8-44b5-a0c1-0cf5b05ce2de,rhythmic.gifts,available,28.2,28.2,high,low,8,cloudflare,,,27/09/2026 14:50
8cfed750-1ee9-4dfd-b36d-2e3468318e4a,resemblance.gifts,available,9.99,,high,low,11,name.com,,,
ea050e34-67b9-43c6-afbf-b8e60fdf5bff,communal.gifts,available,8.24,29.35,high,low,8,porkbun,,,30/09/2026 16:12
02301454-766f-4a96-b545-bb9f016115d3,affray.gifts,available,36.99,36.99,medium,low,6,namesilo,,,17/09/2026 14:43
e00b79be-b16f-476b-aa6f-0e6dd0df4c41,nazareth.gifts,available,8.24,30.18,medium,low,8,dynadot,,,01/10/2026 03:03
eba79ced-aec2-44aa-822b-7200d3c7eeb5,devious.gifts,available,14.99,46.99,medium,low,7,name.com,,,14/08/2026 05:10
04827ddc-cb1e-48ab-aeb4-f96b2dec2234,resources.gifts,available,9.99,,high,low,9,name.com,,,
191d196e-1882-451a-99ba-b56c805726f1,pce.gifts,available,38.48,47.48,high,low,3,namecheap,,,02/10/2026 23:26
284264ab-e4df-4ff9-a470-7e6693dcdec3,twisty.gifts,available,36.99,36.99,high,low,6,namesilo,,,11/09/2026 21:54
2e5107b2-0956-4cda-8889-f8e6257fe3fd,universities.gifts,available,38.48,47.48,medium,low,12,namecheap,,,28/09/2026 08:47
46905edd-4c14-4499-8d9a-0967803424bf,hyperlink.gifts,available,8.24,29.35,high,low,9,porkbun,,,03/10/2026 01:16
9494e2c4-1bad-41c3-b7f6-538feebbf681,imitate.gifts,available,8.24,29.35,high,low,7,porkbun,,,29/09/2026 14:14
20d6a19e-f160-477c-a1c3-126593a5a6af,pontiff.gifts,available,38.48,47.48,medium,low,7,namecheap,,,23/09/2026 21:52
d32cfbab-1f76-4b93-b4ef-18b903169361,heralded.gifts,available,14.99,46.99,medium,low,8,name.com,,,21/08/2026 06:51
d7754e63-9768-4b9c-803f-1e2f89259937,overjoy.gifts,available,28.2,28.2,high,low,7,cloudflare,,,30/09/2026 21:15
c600641c-6b97-44ce-9964-1852b749480b,bride.gifts,premium,242,242,high,low,5,namesilo,,,24/09/2026 10:31
fe50ad89-92c1-4bbb-a75e-2e088e62da85,wharton.gifts,available,36.99,36.99,high,low,7,namesilo,,,25/09/2026 22:32
162d8dff-63ca-46ae-89f8-f847c6ee79ed,sulfuric.gifts,available,14.99,46.99,medium,low,8,name.com,,,11/09/2026 01:29
dd7e85d5-0ac8-4dd2-9482-e38c27ed7bb3,indoor.gifts,available,36.99,36.99,high,low,6,namesilo,,,16/09/2026 19:42
d84db892-08c2-44fb-8d2a-a11fdc5ba456,podgy.gifts,available,36.99,36.99,low,low,5,namesilo,,,08/09/2026 22:22
e2c08df1-67fa-4d25-92b8-b42202af4496,cherub.gifts,available,36.99,36.99,high,low,6,namesilo,,,24/09/2026 14:18
0dbf9ce2-2280-430d-a9c9-fa75962f02fb,vegetation.gifts,available,36.99,36.99,high,low,10,namesilo,,,29/09/2026 11:45
f1b4a547-d1d6-4b55-ac54-5da273179f05,airfoil.gifts,available,36.99,36.99,medium,low,7,namesilo,,,17/09/2026 12:59
f68ea68a-86de-4998-b552-af07a6e34569,characterize.gifts,available,28.2,28.2,high,low,12,cloudflare,,,30/09/2026 19:36
2a4df99a-4c36-40fc-9d3b-964b3ad348de,burst.gifts,available,36.99,36.99,high,low,5,namesilo,,,24/09/2026 10:35
8a99bdea-fcc2-4529-9026-81c6eac4a347,occ.gifts,available,28.2,28.2,medium,low,3,cloudflare,,,30/09/2026 14:23
05e542f5-b266-4955-b0e9-4da1f87d8f48,glucose.gifts,available,28.2,28.2,high,low,7,cloudflare,,,29/09/2026 01:05
5f230f4b-f3c9-4c0b-a678-01793e3054b0,bartok.gifts,available,36.99,36.99,medium,low,6,namesilo,,,22/09/2026 09:23
6f166031-b781-4e4a-928d-eabe49c8760a,asset.gifts,available,29.18,29.18,high,low,5,spaceship,,,01/10/2026 02:31
1e84c817-a677-4df3-946c-b4144b2aeae3,zambian.gifts,premium,78.54,78.54,high,low,7,namesilo,,,13/09/2026 15:05
1333ff98-3714-41c2-bf23-b3f1fce0e267,conquests.gifts,available,8.24,30.18,medium,low,9,dynadot,,,02/10/2026 13:36
100edb85-bead-48f6-b895-7f416e557b6b,amir.gifts,available,38.48,47.48,high,low,4,namecheap,,,18/09/2026 17:58
ff2013dc-801e-441e-872d-6694460f4089,tow.gifts,premium,34.36,34.36,high,low,3,spaceship,,,30/09/2026 13:23
144d53cc-3bb7-49d7-9e2f-4124d1ad061f,norvasc.gifts,available,36.99,36.99,medium,low,7,namesilo,,,18/09/2026 21:58
11c03de2-7c3d-487a-a841-dcee997e92b6,compeer.gifts,available,14.99,46.99,medium,low,7,name.com,,,17/08/2026 11:35
900fca9d-ce73-40a0-8d15-6788847650c7,heian.gifts,available,36.99,36.99,medium,low,5,namesilo,,,02/10/2026 23:11
26760abd-18af-414b-a16f-ff5a7b44da5c,sinless.gifts,available,14.99,46.99,medium,low,7,name.com,,,21/08/2026 21:57
daf82c50-9986-4425-8dd5-422dcadbb2e1,ahab.gifts,available,38.48,47.48,medium,low,4,namecheap,,,17/09/2026 20:17
395a67f3-6359-4324-9ee5-33364271135b,galaxies.gifts,available,29.18,29.18,high,low,8,spaceship,,,30/09/2026 14:49
7c591c33-aaad-4943-936c-91f5f1d2c3ea,sighted.gifts,available,8.24,30.18,high,low,7,dynadot,,,27/09/2026 21:56
c3cf9efd-3840-4c9e-825f-0fd6d82a3854,techniques.gifts,available,36.99,36.99,medium,low,10,namesilo,,,19/09/2026 01:18
d06cc8ee-07dd-44ce-a556-e1ccb50d4538,bpm.gifts,available,36.99,36.99,high,low,3,namesilo,,,22/09/2026 21:53
e99cabd8-12a7-4c29-a880-e3ce961f1aeb,convolute.gifts,available,14.99,46.99,medium,low,9,name.com,,,12/08/2026 23:57
61da6a43-b982-4e12-b9cd-95b713846a6c,okay.gifts,available,36.99,36.99,high,low,4,namesilo,,,22/09/2026 01:07
ce534ca3-fd57-46ce-89aa-04afec5fbef5,tottering.gifts,available,38.48,47.48,medium,low,9,namecheap,,,11/09/2026 18:14
9b78ce74-13ef-429a-9ffa-0a3481512595,scaring.gifts,available,29.18,29.18,medium,low,7,spaceship,,,02/10/2026 03:46
283afa62-0225-47f1-a8d7-469309cba580,cause.gifts,available,38.48,47.48,high,low,5,namecheap,,,24/09/2026 13:11
27d93148-1d99-4960-8ca2-6c6fc3930654,amtrak.gifts,available,29.18,29.18,medium,low,6,spaceship,,,01/10/2026 06:54
650eacfd-16d2-4888-9354-b72440514db3,demonstrative.gifts,available,28.2,28.2,medium,low,13,cloudflare,,,03/10/2026 03:10
a07fe918-e0e3-4588-bcdd-9ddf06cd79be,requesting.gifts,available,38.48,47.48,medium,low,10,namecheap,,,16/09/2026 07:09
aae3794b-112a-46fb-9f56-aaf8db637a35,vaulting.gifts,available,14.99,46.99,high,low,8,name.com,,,04/09/2026 21:34
22fb4ebe-32a9-4507-ab74-40f34d466a0c,eddy.gifts,available,36.99,36.99,high,low,4,namesilo,,,01/10/2026 01:49
8e18a08e-4125-47f4-9be1-fc06423ec838,undiscovered.gifts,available,38.48,47.48,high,low,12,namecheap,,,02/10/2026 21:34
8fd992a8-9c90-4239-a558-35cf3ef16cfc,treasured.gifts,premium,38.94,38.94,high,low,9,namesilo,,,12/08/2026 04:21